/*
registros 	  tabla
50 			domicilios 	
100			retirosSinCuenta 	
50	 		clientes 	
100 		operaciones 	
50 			transferencias 	
100			cuentasBancarias 	

*/


#
# domicilios
#

INSERT INTO `domicilios` (`id`, `calle`, `numero`, `colonia`, `ciudad`, `estado`, `pais`, `codigoPostal`) VALUES (1, 'Leland Skyway', '432', 'Suite 327', 'Reynoldsview', 'SouthDakota', 'Eritrea', '86931-0308');
INSERT INTO `domicilios` (`id`, `calle`, `numero`, `colonia`, `ciudad`, `estado`, `pais`, `codigoPostal`) VALUES (2, 'Wilfrid Centers', '82161', 'Suite 760', 'New Ahmadberg', 'Indiana', 'Jamaica', '45370-5296');
INSERT INTO `domicilios` (`id`, `calle`, `numero`, `colonia`, `ciudad`, `estado`, `pais`, `codigoPostal`) VALUES (3, 'Jazmin Extensions', '8791', 'Suite 054', 'Port Stephania', 'Indiana', 'Dominica', '21547');
INSERT INTO `domicilios` (`id`, `calle`, `numero`, `colonia`, `ciudad`, `estado`, `pais`, `codigoPostal`) VALUES (4, 'Streich Extensions', '924', 'Suite 332', 'Isabelleland', 'Michigan', 'Antigua and Barbuda', '89891-4128');
INSERT INTO `domicilios` (`id`, `calle`, `numero`, `colonia`, `ciudad`, `estado`, `pais`, `codigoPostal`) VALUES (5, 'Johnson Village', '356', 'Apt. 054', 'East Hubertshire', 'SouthDakota', 'Kiribati', '85410');
INSERT INTO `domicilios` (`id`, `calle`, `numero`, `colonia`, `ciudad`, `estado`, `pais`, `codigoPostal`) VALUES (6, 'Mayert Drives', '9809', 'Suite 408', 'Lueilwitzside', 'Colorado', 'Bahamas', '00175');
INSERT INTO `domicilios` (`id`, `calle`, `numero`, `colonia`, `ciudad`, `estado`, `pais`, `codigoPostal`) VALUES (7, 'Cartwright Squares', '1053', 'Apt. 048', 'Norenehaven', 'Connecticut', 'Uzbekistan', '33177-1929');
INSERT INTO `domicilios` (`id`, `calle`, `numero`, `colonia`, `ciudad`, `estado`, `pais`, `codigoPostal`) VALUES (8, 'Hilbert Grove', '2837', 'Apt. 951', 'Spencerstad', 'Montana', 'Costa Rica', '53547');
INSERT INTO `domicilios` (`id`, `calle`, `numero`, `colonia`, `ciudad`, `estado`, `pais`, `codigoPostal`) VALUES (9, 'Weimann Ridges', '8616', 'Apt. 109', 'Wandashire', 'District of Columbia', 'Chad', '79993');
INSERT INTO `domicilios` (`id`, `calle`, `numero`, `colonia`, `ciudad`, `estado`, `pais`, `codigoPostal`) VALUES (10, 'Bella Heights', '3465', 'Suite 633', 'Ebertburgh', 'Massachusetts', 'Aruba', '62585');
INSERT INTO `domicilios` (`id`, `calle`, `numero`, `colonia`, `ciudad`, `estado`, `pais`, `codigoPostal`) VALUES (11, 'Cade Extensions', '129', 'Suite 991', 'Farrellport', 'Missouri', 'Saint Martin', '54676-5848');
INSERT INTO `domicilios` (`id`, `calle`, `numero`, `colonia`, `ciudad`, `estado`, `pais`, `codigoPostal`) VALUES (12, 'Conroy Overpass', '951', 'Apt. 306', 'East Leora', 'Idaho', 'Argentina', '15675');
INSERT INTO `domicilios` (`id`, `calle`, `numero`, `colonia`, `ciudad`, `estado`, `pais`, `codigoPostal`) VALUES (13, 'Katharina Street', '1422', 'Suite 752', 'New Susan', 'Ohio', 'Martinique', '24992-8471');
INSERT INTO `domicilios` (`id`, `calle`, `numero`, `colonia`, `ciudad`, `estado`, `pais`, `codigoPostal`) VALUES (14, 'Kiehn Vista', '7677', 'Apt. 362', 'Karenberg', 'Wisconsin', 'Finland', '21315-2711');
INSERT INTO `domicilios` (`id`, `calle`, `numero`, `colonia`, `ciudad`, `estado`, `pais`, `codigoPostal`) VALUES (15, 'Zackery Ports', '59346', 'Apt. 269', 'Victorberg', 'Iowa', 'Cote d\'Ivoire', '32459');
INSERT INTO `domicilios` (`id`, `calle`, `numero`, `colonia`, `ciudad`, `estado`, `pais`, `codigoPostal`) VALUES (16, 'Polly Throughway', '900', 'Apt. 724', 'Catherinehaven', 'Indiana', 'Tokelau', '38038');
INSERT INTO `domicilios` (`id`, `calle`, `numero`, `colonia`, `ciudad`, `estado`, `pais`, `codigoPostal`) VALUES (17, 'Alanna Parkway', '7253', 'Suite 314', 'Hansville', 'Georgia', 'Christmas Island', '20446-4730');
INSERT INTO `domicilios` (`id`, `calle`, `numero`, `colonia`, `ciudad`, `estado`, `pais`, `codigoPostal`) VALUES (18, 'Huel Freeway', '54081', 'Suite 597', 'Domenickbury', 'Hawaii', 'Guadeloupe', '20410-7783');
INSERT INTO `domicilios` (`id`, `calle`, `numero`, `colonia`, `ciudad`, `estado`, `pais`, `codigoPostal`) VALUES (19, 'Kirlin Neck', '6402', 'Suite 446', 'South Bruceton', 'NewYork', 'Cook Islands', '26328-3756');
INSERT INTO `domicilios` (`id`, `calle`, `numero`, `colonia`, `ciudad`, `estado`, `pais`, `codigoPostal`) VALUES (20, 'Velva Expressway', '32817', 'Apt. 432', 'Hardyborough', 'Arkansas', 'Iran', '21563');
INSERT INTO `domicilios` (`id`, `calle`, `numero`, `colonia`, `ciudad`, `estado`, `pais`, `codigoPostal`) VALUES (21, 'Armstrong Summit', '6800', 'Suite 809', 'New Mckennaview', 'NewJersey', 'Anguilla', '48981');
INSERT INTO `domicilios` (`id`, `calle`, `numero`, `colonia`, `ciudad`, `estado`, `pais`, `codigoPostal`) VALUES (22, 'Tromp Lodge', '26859', 'Apt. 865', 'New Bennett', 'Louisiana', 'Morocco', '15259');
INSERT INTO `domicilios` (`id`, `calle`, `numero`, `colonia`, `ciudad`, `estado`, `pais`, `codigoPostal`) VALUES (23, 'Koss Curve', '94251', 'Suite 438', 'East Janessaburgh', 'Massachusetts', 'Mayotte', '77045-7827');
INSERT INTO `domicilios` (`id`, `calle`, `numero`, `colonia`, `ciudad`, `estado`, `pais`, `codigoPostal`) VALUES (24, 'Jameson Park', '34784', 'Suite 126', 'North Delfina', 'Utah', 'Brazil', '50511');
INSERT INTO `domicilios` (`id`, `calle`, `numero`, `colonia`, `ciudad`, `estado`, `pais`, `codigoPostal`) VALUES (25, 'Juston Port', '6744', 'Apt. 229', 'New Melba', 'Delaware', 'Rwanda', '01510');
INSERT INTO `domicilios` (`id`, `calle`, `numero`, `colonia`, `ciudad`, `estado`, `pais`, `codigoPostal`) VALUES (26, 'Pfannerstill Shore', '86010', 'Suite 493', 'Port Jaedenburgh', 'Tennessee', 'Mayotte', '67013');
INSERT INTO `domicilios` (`id`, `calle`, `numero`, `colonia`, `ciudad`, `estado`, `pais`, `codigoPostal`) VALUES (27, 'Bechtelar Prairie', '59834', 'Suite 075', 'West Chasitybury', 'Indiana', 'Saint Vincent and the Grenadin', '60202');
INSERT INTO `domicilios` (`id`, `calle`, `numero`, `colonia`, `ciudad`, `estado`, `pais`, `codigoPostal`) VALUES (28, 'Alaina Stravenue', '0141', 'Suite 121', 'Port Herbert', 'Vermont', 'Zimbabwe', '73670-1091');
INSERT INTO `domicilios` (`id`, `calle`, `numero`, `colonia`, `ciudad`, `estado`, `pais`, `codigoPostal`) VALUES (29, 'Chris Inlet', '59128', 'Apt. 663', 'North Edwin', 'NorthDakota', 'Christmas Island', '74676');
INSERT INTO `domicilios` (`id`, `calle`, `numero`, `colonia`, `ciudad`, `estado`, `pais`, `codigoPostal`) VALUES (30, 'Katheryn Rapids', '41467', 'Apt. 945', 'West Ciarafurt', 'Arizona', 'Kuwait', '65269');
INSERT INTO `domicilios` (`id`, `calle`, `numero`, `colonia`, `ciudad`, `estado`, `pais`, `codigoPostal`) VALUES (31, 'Kuhn Spurs', '7441', 'Apt. 652', 'Ayanabury', 'Tennessee', 'Mali', '84129');
INSERT INTO `domicilios` (`id`, `calle`, `numero`, `colonia`, `ciudad`, `estado`, `pais`, `codigoPostal`) VALUES (32, 'Jarret Road', '730', 'Apt. 901', 'Gloverfort', 'Vermont', 'Eritrea', '16543');
INSERT INTO `domicilios` (`id`, `calle`, `numero`, `colonia`, `ciudad`, `estado`, `pais`, `codigoPostal`) VALUES (33, 'Renner Turnpike', '46088', 'Apt. 237', 'Port Isabel', 'NewHampshire', 'Antarctica (the territory Sout', '88850-7805');
INSERT INTO `domicilios` (`id`, `calle`, `numero`, `colonia`, `ciudad`, `estado`, `pais`, `codigoPostal`) VALUES (34, 'Abbey Village', '111', 'Apt. 895', 'Lake Jeremyview', 'RhodeIsland', 'Burkina Faso', '42195-2342');
INSERT INTO `domicilios` (`id`, `calle`, `numero`, `colonia`, `ciudad`, `estado`, `pais`, `codigoPostal`) VALUES (35, 'Bailey Locks', '382', 'Suite 363', 'New Eladioton', 'Alaska', 'Liechtenstein', '97865');
INSERT INTO `domicilios` (`id`, `calle`, `numero`, `colonia`, `ciudad`, `estado`, `pais`, `codigoPostal`) VALUES (36, 'Hayes Stream', '01560', 'Apt. 488', 'West Twila', 'Maryland', 'Mauritania', '58490');
INSERT INTO `domicilios` (`id`, `calle`, `numero`, `colonia`, `ciudad`, `estado`, `pais`, `codigoPostal`) VALUES (37, 'Luettgen Mission', '76773', 'Suite 510', 'Daughertyville', 'Oregon', 'Bouvet Island (Bouvetoya)', '59309');
INSERT INTO `domicilios` (`id`, `calle`, `numero`, `colonia`, `ciudad`, `estado`, `pais`, `codigoPostal`) VALUES (38, 'Beaulah Place', '30502', 'Apt. 790', 'Corwinside', 'Virginia', 'Heard Island and McDonald Isla', '72691');
INSERT INTO `domicilios` (`id`, `calle`, `numero`, `colonia`, `ciudad`, `estado`, `pais`, `codigoPostal`) VALUES (39, 'Millie Circles', '6537', 'Suite 095', 'New Marilyneview', 'Virginia', 'Sudan', '67505');
INSERT INTO `domicilios` (`id`, `calle`, `numero`, `colonia`, `ciudad`, `estado`, `pais`, `codigoPostal`) VALUES (40, 'Electa Forest', '251', 'Apt. 517', 'North Efren', 'Connecticut', 'Uganda', '82985');
INSERT INTO `domicilios` (`id`, `calle`, `numero`, `colonia`, `ciudad`, `estado`, `pais`, `codigoPostal`) VALUES (41, 'Hills Crossroad', '830', 'Suite 612', 'West Francescahaven', 'Montana', 'Tajikistan', '39372-5137');
INSERT INTO `domicilios` (`id`, `calle`, `numero`, `colonia`, `ciudad`, `estado`, `pais`, `codigoPostal`) VALUES (42, 'Stella Islands', '683', 'Apt. 326', 'Vonmouth', 'NewMexico', 'Saint Vincent and the Grenadin', '49611');
INSERT INTO `domicilios` (`id`, `calle`, `numero`, `colonia`, `ciudad`, `estado`, `pais`, `codigoPostal`) VALUES (43, 'Rubie Springs', '14833', 'Suite 527', 'Reingerberg', 'Alabama', 'Cayman Islands', '19741');
INSERT INTO `domicilios` (`id`, `calle`, `numero`, `colonia`, `ciudad`, `estado`, `pais`, `codigoPostal`) VALUES (44, 'Lilyan Ways', '5638', 'Suite 518', 'Carrollhaven', 'Alabama', 'Mozambique', '53268');
INSERT INTO `domicilios` (`id`, `calle`, `numero`, `colonia`, `ciudad`, `estado`, `pais`, `codigoPostal`) VALUES (45, 'Mueller Lights', '85380', 'Suite 817', 'Emardstad', 'Ohio', 'Venezuela', '95091');
INSERT INTO `domicilios` (`id`, `calle`, `numero`, `colonia`, `ciudad`, `estado`, `pais`, `codigoPostal`) VALUES (46, 'Schultz Crescent', '6799', 'Apt. 609', 'Rueckerside', 'District of Columbia', 'French Polynesia', '85841-5934');
INSERT INTO `domicilios` (`id`, `calle`, `numero`, `colonia`, `ciudad`, `estado`, `pais`, `codigoPostal`) VALUES (47, 'Rohan Dam', '89380', 'Suite 164', 'South Mohammad', 'Connecticut', 'Georgia', '73792');
INSERT INTO `domicilios` (`id`, `calle`, `numero`, `colonia`, `ciudad`, `estado`, `pais`, `codigoPostal`) VALUES (48, 'Mable Landing', '951', 'Suite 438', 'Dorthyville', 'Delaware', 'United Arab Emirates', '56318-1928');
INSERT INTO `domicilios` (`id`, `calle`, `numero`, `colonia`, `ciudad`, `estado`, `pais`, `codigoPostal`) VALUES (49, 'Swift Estates', '888', 'Suite 381', 'Kertzmannfurt', 'Florida', 'French Guiana', '24898-8797');
INSERT INTO `domicilios` (`id`, `calle`, `numero`, `colonia`, `ciudad`, `estado`, `pais`, `codigoPostal`) VALUES (50, 'Hartmann Course', '7620', 'Suite 823', 'Schulistton', 'Wyoming', 'Saint Vincent and the Grenadin', '43391-2596');
INSERT INTO `domicilios` (`id`, `calle`, `numero`, `colonia`, `ciudad`, `estado`, `pais`, `codigoPostal`) VALUES (51, 'Jessika Streets', '404', 'Suite 857', 'New Reece', 'Maryland', 'Oman', '79378-1507');
INSERT INTO `domicilios` (`id`, `calle`, `numero`, `colonia`, `ciudad`, `estado`, `pais`, `codigoPostal`) VALUES (52, 'Alexandrea Dale', '13274', 'Apt. 034', 'West Ericachester', 'RhodeIsland', 'Guam', '73112');
INSERT INTO `domicilios` (`id`, `calle`, `numero`, `colonia`, `ciudad`, `estado`, `pais`, `codigoPostal`) VALUES (53, 'Skiles Ramp', '380', 'Apt. 608', 'West Jaquelin', 'Michigan', 'Djibouti', '63750-3367');
INSERT INTO `domicilios` (`id`, `calle`, `numero`, `colonia`, `ciudad`, `estado`, `pais`, `codigoPostal`) VALUES (54, 'Victor Bypass', '7983', 'Apt. 536', 'Rodrickville', 'District of Columbia', 'French Southern Territories', '57143-6925');
INSERT INTO `domicilios` (`id`, `calle`, `numero`, `colonia`, `ciudad`, `estado`, `pais`, `codigoPostal`) VALUES (55, 'Koss Cape', '31463', 'Suite 401', 'Schaeferberg', 'Arizona', 'Sri Lanka', '03603-3612');
INSERT INTO `domicilios` (`id`, `calle`, `numero`, `colonia`, `ciudad`, `estado`, `pais`, `codigoPostal`) VALUES (56, 'Maud Isle', '317', 'Apt. 546', 'Cletafort', 'Texas', 'Palestinian Territory', '43739');
INSERT INTO `domicilios` (`id`, `calle`, `numero`, `colonia`, `ciudad`, `estado`, `pais`, `codigoPostal`) VALUES (57, 'Herminia Avenue', '8741', 'Suite 464', 'Kingberg', 'Alabama', 'Australia', '83980-1433');
INSERT INTO `domicilios` (`id`, `calle`, `numero`, `colonia`, `ciudad`, `estado`, `pais`, `codigoPostal`) VALUES (58, 'Layla Lodge', '42651', 'Apt. 474', 'Franzbury', 'Illinois', 'Holy See (Vatican City State)', '04745');
INSERT INTO `domicilios` (`id`, `calle`, `numero`, `colonia`, `ciudad`, `estado`, `pais`, `codigoPostal`) VALUES (59, 'Brekke Center', '11471', 'Apt. 936', 'Juanitaport', 'Georgia', 'Tonga', '04568-5449');
INSERT INTO `domicilios` (`id`, `calle`, `numero`, `colonia`, `ciudad`, `estado`, `pais`, `codigoPostal`) VALUES (60, 'Alivia Mission', '23240', 'Apt. 351', 'Joliemouth', 'Ohio', 'South Africa', '30866-8176');
INSERT INTO `domicilios` (`id`, `calle`, `numero`, `colonia`, `ciudad`, `estado`, `pais`, `codigoPostal`) VALUES (61, 'Hand Brooks', '731', 'Suite 038', 'Vedaville', 'WestVirginia', 'United States Minor Outlying I', '13450-8045');
INSERT INTO `domicilios` (`id`, `calle`, `numero`, `colonia`, `ciudad`, `estado`, `pais`, `codigoPostal`) VALUES (62, 'Medhurst Cliffs', '9867', 'Suite 220', 'East Marcport', 'Wisconsin', 'Slovakia (Slovak Republic)', '74497-3339');
INSERT INTO `domicilios` (`id`, `calle`, `numero`, `colonia`, `ciudad`, `estado`, `pais`, `codigoPostal`) VALUES (63, 'Kuhlman Cape', '079', 'Apt. 120', 'North Eva', 'District of Columbia', 'Hungary', '97291-8183');
INSERT INTO `domicilios` (`id`, `calle`, `numero`, `colonia`, `ciudad`, `estado`, `pais`, `codigoPostal`) VALUES (64, 'Nora Pines', '30410', 'Apt. 735', 'East Zaneborough', 'SouthDakota', 'Norway', '13840-4518');
INSERT INTO `domicilios` (`id`, `calle`, `numero`, `colonia`, `ciudad`, `estado`, `pais`, `codigoPostal`) VALUES (65, 'Alejandra Route', '150', 'Apt. 172', 'Lake Simtown', 'Missouri', 'Norfolk Island', '90291-0898');
INSERT INTO `domicilios` (`id`, `calle`, `numero`, `colonia`, `ciudad`, `estado`, `pais`, `codigoPostal`) VALUES (66, 'Rogahn Way', '942', 'Apt. 783', 'East Lois', 'Oklahoma', 'Denmark', '07623');
INSERT INTO `domicilios` (`id`, `calle`, `numero`, `colonia`, `ciudad`, `estado`, `pais`, `codigoPostal`) VALUES (67, 'Karelle Meadows', '030', 'Apt. 637', 'West Adityashire', 'NewYork', 'Moldova', '20557-5021');
INSERT INTO `domicilios` (`id`, `calle`, `numero`, `colonia`, `ciudad`, `estado`, `pais`, `codigoPostal`) VALUES (68, 'Leffler Trail', '7100', 'Apt. 853', 'Zoeyport', 'NorthCarolina', 'Malta', '60253-3074');
INSERT INTO `domicilios` (`id`, `calle`, `numero`, `colonia`, `ciudad`, `estado`, `pais`, `codigoPostal`) VALUES (69, 'Maribel Rest', '2045', 'Apt. 706', 'South Bulahhaven', 'NorthDakota', 'Tanzania', '61017');
INSERT INTO `domicilios` (`id`, `calle`, `numero`, `colonia`, `ciudad`, `estado`, `pais`, `codigoPostal`) VALUES (70, 'Webster Valleys', '26404', 'Apt. 699', 'Loniefurt', 'NewYork', 'Sudan', '00695');
INSERT INTO `domicilios` (`id`, `calle`, `numero`, `colonia`, `ciudad`, `estado`, `pais`, `codigoPostal`) VALUES (71, 'Brakus Mount', '2551', 'Apt. 758', 'Lefflerport', 'NewMexico', 'Bouvet Island (Bouvetoya)', '41009-0778');
INSERT INTO `domicilios` (`id`, `calle`, `numero`, `colonia`, `ciudad`, `estado`, `pais`, `codigoPostal`) VALUES (72, 'Lindgren Gardens', '4641', 'Apt. 003', 'New Joyce', 'Kansas', 'Romania', '21435');
INSERT INTO `domicilios` (`id`, `calle`, `numero`, `colonia`, `ciudad`, `estado`, `pais`, `codigoPostal`) VALUES (73, 'Alivia Harbor', '3096', 'Suite 697', 'North Deventon', 'Illinois', 'French Guiana', '90874-1412');
INSERT INTO `domicilios` (`id`, `calle`, `numero`, `colonia`, `ciudad`, `estado`, `pais`, `codigoPostal`) VALUES (74, 'Samanta Ports', '873', 'Apt. 989', 'Erikastad', 'Pennsylvania', 'United States of America', '74279');
INSERT INTO `domicilios` (`id`, `calle`, `numero`, `colonia`, `ciudad`, `estado`, `pais`, `codigoPostal`) VALUES (75, 'Ledner Isle', '033', 'Apt. 140', 'Port Hazle', 'California', 'South Africa', '03165');
INSERT INTO `domicilios` (`id`, `calle`, `numero`, `colonia`, `ciudad`, `estado`, `pais`, `codigoPostal`) VALUES (76, 'Doyle Trace', '285', 'Suite 705', 'New Asia', 'Maryland', 'Guinea-Bissau', '05897-8003');
INSERT INTO `domicilios` (`id`, `calle`, `numero`, `colonia`, `ciudad`, `estado`, `pais`, `codigoPostal`) VALUES (77, 'Rashawn Track', '02034', 'Apt. 948', 'New Yadira', 'Mississippi', 'Ethiopia', '03350');
INSERT INTO `domicilios` (`id`, `calle`, `numero`, `colonia`, `ciudad`, `estado`, `pais`, `codigoPostal`) VALUES (78, 'Hansen Field', '5441', 'Apt. 761', 'Hillsstad', 'WestVirginia', 'Sri Lanka', '21459-8799');
INSERT INTO `domicilios` (`id`, `calle`, `numero`, `colonia`, `ciudad`, `estado`, `pais`, `codigoPostal`) VALUES (79, 'Weissnat Vista', '84495', 'Apt. 788', 'North Betteshire', 'Ohio', 'Cuba', '92118');
INSERT INTO `domicilios` (`id`, `calle`, `numero`, `colonia`, `ciudad`, `estado`, `pais`, `codigoPostal`) VALUES (80, 'Keebler Knoll', '4086', 'Suite 811', 'Lake Henriette', 'NewHampshire', 'El Salvador', '76673');
INSERT INTO `domicilios` (`id`, `calle`, `numero`, `colonia`, `ciudad`, `estado`, `pais`, `codigoPostal`) VALUES (81, 'Herman Expressway', '312', 'Apt. 462', 'North Clemmieton', 'Arizona', 'Aruba', '86606');
INSERT INTO `domicilios` (`id`, `calle`, `numero`, `colonia`, `ciudad`, `estado`, `pais`, `codigoPostal`) VALUES (82, 'Turner Square', '261', 'Suite 322', 'South Carleton', 'District of Columbia', 'Sri Lanka', '91942');
INSERT INTO `domicilios` (`id`, `calle`, `numero`, `colonia`, `ciudad`, `estado`, `pais`, `codigoPostal`) VALUES (83, 'Pablo Fords', '499', 'Apt. 225', 'Greenshire', 'Alaska', 'Suriname', '55909');
INSERT INTO `domicilios` (`id`, `calle`, `numero`, `colonia`, `ciudad`, `estado`, `pais`, `codigoPostal`) VALUES (84, 'Mayert Field', '5593', 'Suite 839', 'North Candelarioview', 'Georgia', 'Singapore', '96301-3011');
INSERT INTO `domicilios` (`id`, `calle`, `numero`, `colonia`, `ciudad`, `estado`, `pais`, `codigoPostal`) VALUES (85, 'Ernser Causeway', '8680', 'Apt. 745', 'Lucileport', 'Arizona', 'United Arab Emirates', '55819-0280');
INSERT INTO `domicilios` (`id`, `calle`, `numero`, `colonia`, `ciudad`, `estado`, `pais`, `codigoPostal`) VALUES (86, 'Hermann Estates', '5317', 'Apt. 210', 'Thielfort', 'WestVirginia', 'Saint Martin', '06761-6678');
INSERT INTO `domicilios` (`id`, `calle`, `numero`, `colonia`, `ciudad`, `estado`, `pais`, `codigoPostal`) VALUES (87, 'Green River', '06928', 'Suite 192', 'Port Gennaro', 'Mississippi', 'Mayotte', '76213');
INSERT INTO `domicilios` (`id`, `calle`, `numero`, `colonia`, `ciudad`, `estado`, `pais`, `codigoPostal`) VALUES (88, 'Carroll Shoals', '9378', 'Suite 270', 'O\'Konview', 'Maryland', 'Saint Helena', '69240-8108');
INSERT INTO `domicilios` (`id`, `calle`, `numero`, `colonia`, `ciudad`, `estado`, `pais`, `codigoPostal`) VALUES (89, 'Muller Row', '91284', 'Suite 350', 'South Jovany', 'Utah', 'Brazil', '54805-5010');
INSERT INTO `domicilios` (`id`, `calle`, `numero`, `colonia`, `ciudad`, `estado`, `pais`, `codigoPostal`) VALUES (90, 'Thalia Plain', '98633', 'Apt. 949', 'Urbantown', 'Missouri', 'Saint Pierre and Miquelon', '45777');
INSERT INTO `domicilios` (`id`, `calle`, `numero`, `colonia`, `ciudad`, `estado`, `pais`, `codigoPostal`) VALUES (91, 'Lennie Estate', '24733', 'Suite 752', 'Brycenville', 'Idaho', 'Haiti', '09966');
INSERT INTO `domicilios` (`id`, `calle`, `numero`, `colonia`, `ciudad`, `estado`, `pais`, `codigoPostal`) VALUES (92, 'Darian Freeway', '4390', 'Apt. 038', 'Port Samson', 'Oregon', 'Cambodia', '04016-6618');
INSERT INTO `domicilios` (`id`, `calle`, `numero`, `colonia`, `ciudad`, `estado`, `pais`, `codigoPostal`) VALUES (93, 'Lenny Manor', '2861', 'Apt. 871', 'Zemlakshire', 'Ohio', 'Bouvet Island (Bouvetoya)', '37112');
INSERT INTO `domicilios` (`id`, `calle`, `numero`, `colonia`, `ciudad`, `estado`, `pais`, `codigoPostal`) VALUES (94, 'Baylee Court', '4968', 'Apt. 857', 'West Kaitlinmouth', 'Kansas', 'Nigeria', '28300-8982');
INSERT INTO `domicilios` (`id`, `calle`, `numero`, `colonia`, `ciudad`, `estado`, `pais`, `codigoPostal`) VALUES (95, 'Vandervort Gateway', '60589', 'Apt. 630', 'Lake Joanaburgh', 'Arkansas', 'Tuvalu', '66837');
INSERT INTO `domicilios` (`id`, `calle`, `numero`, `colonia`, `ciudad`, `estado`, `pais`, `codigoPostal`) VALUES (96, 'Jakubowski Curve', '16749', 'Apt. 602', 'North Kayleebury', 'Kansas', 'Bahamas', '64874-3389');
INSERT INTO `domicilios` (`id`, `calle`, `numero`, `colonia`, `ciudad`, `estado`, `pais`, `codigoPostal`) VALUES (97, 'Gulgowski Lock', '4008', 'Suite 972', 'North Kelley', 'Missouri', 'Papua New Guinea', '72628');
INSERT INTO `domicilios` (`id`, `calle`, `numero`, `colonia`, `ciudad`, `estado`, `pais`, `codigoPostal`) VALUES (98, 'Lela Harbor', '7539', 'Suite 063', 'Hopehaven', 'WestVirginia', 'Panama', '42317-9543');
INSERT INTO `domicilios` (`id`, `calle`, `numero`, `colonia`, `ciudad`, `estado`, `pais`, `codigoPostal`) VALUES (99, 'Fredy Fields', '49377', 'Suite 100', 'North Lempihaven', 'Maine', 'Tokelau', '19253-9414');
INSERT INTO `domicilios` (`id`, `calle`, `numero`, `colonia`, `ciudad`, `estado`, `pais`, `codigoPostal`) VALUES (100, 'Balistreri Springs', '31610', 'Suite 599', 'South Jaydon', 'Indiana', 'Ethiopia', '97169-3833');



#
#  clientes
#


INSERT INTO `clientes` (`id`, `nombres`, `apellidoPaterno`, `apellidoMaterno`, `fechaNacimiento`, `correo`, `password`, `idDomicilio`) VALUES (1, 'Ross Lindgren', 'Harris', 'Reichert', '2016-05-08', 'elyse.hagenes@gutkowski.net', '7990a1821c8abad014906e2eef53684e9f64d515', 1);
INSERT INTO `clientes` (`id`, `nombres`, `apellidoPaterno`, `apellidoMaterno`, `fechaNacimiento`, `correo`, `password`, `idDomicilio`) VALUES (2, 'Amari Muller', 'Crona', 'O\'Hara', '1999-04-15', 'conor.cartwright@lubowitz.com', '944ffe52b836172d86730927030107d4c48b101e', 2);
INSERT INTO `clientes` (`id`, `nombres`, `apellidoPaterno`, `apellidoMaterno`, `fechaNacimiento`, `correo`, `password`, `idDomicilio`) VALUES (3, 'Andrew Bradtke', 'Kemmer', 'Bednar', '1984-03-02', 'pschamberger@braun.net', '67fc3126f923af44705190dde4f4d60ed0815f6f', 3);
INSERT INTO `clientes` (`id`, `nombres`, `apellidoPaterno`, `apellidoMaterno`, `fechaNacimiento`, `correo`, `password`, `idDomicilio`) VALUES (4, 'Estelle Douglas', 'West', 'Heidenreich', '2019-05-01', 'kuvalis.yvette@gmail.com', '376220df25c51898286ca14be33b25e4e9b2e120', 4);
INSERT INTO `clientes` (`id`, `nombres`, `apellidoPaterno`, `apellidoMaterno`, `fechaNacimiento`, `correo`, `password`, `idDomicilio`) VALUES (5, 'Jaleel Nitzsche', 'Mills', 'Willms', '1988-02-23', 'becker.nathanial@kshlerin.com', '02efb4c5ac17ebcb082d67634178c3bf76a73aac', 5);
INSERT INTO `clientes` (`id`, `nombres`, `apellidoPaterno`, `apellidoMaterno`, `fechaNacimiento`, `correo`, `password`, `idDomicilio`) VALUES (6, 'Ford Rempel', 'Cormier', 'Keebler', '1972-04-16', 'sheldon.reinger@prosacco.com', '89248935a132a299ff397cb57448017bec6c5bf2', 6);
INSERT INTO `clientes` (`id`, `nombres`, `apellidoPaterno`, `apellidoMaterno`, `fechaNacimiento`, `correo`, `password`, `idDomicilio`) VALUES (7, 'Kiley Koelpin', 'Price', 'Howe', '2009-01-24', 'braun.guiseppe@yahoo.com', '895a37cacb2d94e65c64cb59ed90f36340fc35ed', 7);
INSERT INTO `clientes` (`id`, `nombres`, `apellidoPaterno`, `apellidoMaterno`, `fechaNacimiento`, `correo`, `password`, `idDomicilio`) VALUES (8, 'Ricky Cummings', 'Lueilwitz', 'Waters', '1999-03-26', 'christelle.stamm@kuhlman.biz', '1671b78451b3caa64ae9dcc4eab0e831fa92547c', 8);
INSERT INTO `clientes` (`id`, `nombres`, `apellidoPaterno`, `apellidoMaterno`, `fechaNacimiento`, `correo`, `password`, `idDomicilio`) VALUES (9, 'Arlie Daniel', 'White', 'Rosenbaum', '1994-10-23', 'hettinger.wilmer@hotmail.com', '9be25d376066dbb89ddce17063444cf1fee411a4', 9);
INSERT INTO `clientes` (`id`, `nombres`, `apellidoPaterno`, `apellidoMaterno`, `fechaNacimiento`, `correo`, `password`, `idDomicilio`) VALUES (10, 'Chance Auer', 'Rolfson', 'Kohler', '2020-11-20', 'jhand@yahoo.com', '6497ea6ec9f699fe58a2cd0d55e5295f275016e4', 10);
INSERT INTO `clientes` (`id`, `nombres`, `apellidoPaterno`, `apellidoMaterno`, `fechaNacimiento`, `correo`, `password`, `idDomicilio`) VALUES (11, 'Amos Cormier', 'Runolfsdottir', 'Lemke', '1985-03-08', 'leuschke.keshawn@boscokutch.com', '99cddddbe6a52ffc82059d71eb9e22e191f1c02a', 11);
INSERT INTO `clientes` (`id`, `nombres`, `apellidoPaterno`, `apellidoMaterno`, `fechaNacimiento`, `correo`, `password`, `idDomicilio`) VALUES (12, 'Prof. Garth Johnston DDS', 'Feeney', 'Mitchell', '2011-05-22', 'rowe.christy@gmail.com', '1c2c5d2c490f717b4870f711771658af17a61247', 12);
INSERT INTO `clientes` (`id`, `nombres`, `apellidoPaterno`, `apellidoMaterno`, `fechaNacimiento`, `correo`, `password`, `idDomicilio`) VALUES (13, 'Enola Maggio', 'Hessel', 'Gaylord', '2022-05-09', 'hilario.senger@gmail.com', '53366f75fbd168eacd82621818d9502a56345b38', 13);
INSERT INTO `clientes` (`id`, `nombres`, `apellidoPaterno`, `apellidoMaterno`, `fechaNacimiento`, `correo`, `password`, `idDomicilio`) VALUES (14, 'Mrs. Hildegard Lowe', 'Ryan', 'Huels', '2011-06-25', 'khilpert@hotmail.com', 'af9ad035f6572acb5e9bf4eb7487fca1da93860e', 14);
INSERT INTO `clientes` (`id`, `nombres`, `apellidoPaterno`, `apellidoMaterno`, `fechaNacimiento`, `correo`, `password`, `idDomicilio`) VALUES (15, 'Miss Zena Jaskolski MD', 'Jast', 'Okuneva', '1979-12-04', 'monroe78@kleinvolkman.com', '27aed18af868cd1b63fc543d99b2ff3c53f19ad7', 15);
INSERT INTO `clientes` (`id`, `nombres`, `apellidoPaterno`, `apellidoMaterno`, `fechaNacimiento`, `correo`, `password`, `idDomicilio`) VALUES (16, 'Saul Mraz', 'Mertz', 'Emmerich', '2022-09-02', 'langosh.armani@hotmail.com', '35e5bd9855a6d75c39b49818405e953eee7679e5', 16);
INSERT INTO `clientes` (`id`, `nombres`, `apellidoPaterno`, `apellidoMaterno`, `fechaNacimiento`, `correo`, `password`, `idDomicilio`) VALUES (17, 'Esta Herman', 'Brekke', 'Pagac', '1989-05-14', 'brennan.nicolas@smith.org', '52e32f8f42899c804b6464b74637bb2e012316b9', 17);
INSERT INTO `clientes` (`id`, `nombres`, `apellidoPaterno`, `apellidoMaterno`, `fechaNacimiento`, `correo`, `password`, `idDomicilio`) VALUES (18, 'Ransom Baumbach DVM', 'Goyette', 'McCullough', '1972-11-27', 'tbeatty@walker.com', 'cb89a1d69b8c707cb1ae7fcfbc7269552a4b2588', 18);
INSERT INTO `clientes` (`id`, `nombres`, `apellidoPaterno`, `apellidoMaterno`, `fechaNacimiento`, `correo`, `password`, `idDomicilio`) VALUES (19, 'Nikki Marks', 'Kuvalis', 'Cremin', '2009-05-14', 'ekassulke@gmail.com', '0d54767356e784c9e7374f5be34104ff8b805580', 19);
INSERT INTO `clientes` (`id`, `nombres`, `apellidoPaterno`, `apellidoMaterno`, `fechaNacimiento`, `correo`, `password`, `idDomicilio`) VALUES (20, 'Torrey Stamm MD', 'Sipes', 'Orn', '1973-12-10', 'weimann.braeden@yahoo.com', '9d9da385deb158147bbcb51361ae5a1a8aa21ca5', 20);
INSERT INTO `clientes` (`id`, `nombres`, `apellidoPaterno`, `apellidoMaterno`, `fechaNacimiento`, `correo`, `password`, `idDomicilio`) VALUES (21, 'Michale Vandervort', 'Corkery', 'Lueilwitz', '2007-02-15', 'o\'hara.jason@yahoo.com', '351e96c81e2ddf5c8602e31c911d223bbfcf48cb', 21);
INSERT INTO `clientes` (`id`, `nombres`, `apellidoPaterno`, `apellidoMaterno`, `fechaNacimiento`, `correo`, `password`, `idDomicilio`) VALUES (22, 'Arne Berge', 'Schiller', 'Schamberger', '1989-10-15', 'devon49@lehner.com', 'f0a59221637f80168c19a014a3f816b8689ad982', 22);
INSERT INTO `clientes` (`id`, `nombres`, `apellidoPaterno`, `apellidoMaterno`, `fechaNacimiento`, `correo`, `password`, `idDomicilio`) VALUES (23, 'Mr. Ian Hills', 'Dooley', 'Schuster', '1997-04-29', 'neoma.ryan@yahoo.com', 'bdf74e032dcf4a3c43142a40f12a4a3479582e2c', 23);
INSERT INTO `clientes` (`id`, `nombres`, `apellidoPaterno`, `apellidoMaterno`, `fechaNacimiento`, `correo`, `password`, `idDomicilio`) VALUES (24, 'Neal Windler PhD', 'Goyette', 'Witting', '2016-01-08', 'cummerata.daphnee@yahoo.com', '6cc4807bb23a8861d05df750f99d5483fa317cb5', 24);
INSERT INTO `clientes` (`id`, `nombres`, `apellidoPaterno`, `apellidoMaterno`, `fechaNacimiento`, `correo`, `password`, `idDomicilio`) VALUES (25, 'Tyson Jacobi II', 'Stehr', 'Glover', '2021-07-01', 'rudy.littel@brekkejacobi.com', 'b95f271927545bea955daab57a2cc7850caa6ef0', 25);
INSERT INTO `clientes` (`id`, `nombres`, `apellidoPaterno`, `apellidoMaterno`, `fechaNacimiento`, `correo`, `password`, `idDomicilio`) VALUES (26, 'Tyree Spencer', 'O\'Conner', 'Kerluke', '2011-08-21', 'dicki.carole@osinski.com', '1738a220c6cd4d266f84eb7a8c150747c4239189', 26);
INSERT INTO `clientes` (`id`, `nombres`, `apellidoPaterno`, `apellidoMaterno`, `fechaNacimiento`, `correo`, `password`, `idDomicilio`) VALUES (27, 'Pedro Kuhic', 'Becker', 'Turcotte', '2004-08-01', 'einar57@champlinzieme.biz', '89b9ac8e808e4544f7ebb6e3b9b9afb1926b183f', 27);
INSERT INTO `clientes` (`id`, `nombres`, `apellidoPaterno`, `apellidoMaterno`, `fechaNacimiento`, `correo`, `password`, `idDomicilio`) VALUES (28, 'Mr. Royal Marks', 'Schulist', 'Jones', '2013-12-14', 'ebony14@gmail.com', 'a30056c9ce4eb184efb01251c508dcd65aa52c4a', 28);
INSERT INTO `clientes` (`id`, `nombres`, `apellidoPaterno`, `apellidoMaterno`, `fechaNacimiento`, `correo`, `password`, `idDomicilio`) VALUES (29, 'Paige Kihn', 'Orn', 'Hilll', '1978-04-04', 'alva.legros@hintz.info', '4bd69325900e5e34bc768f1d8a8e65f88e28c193', 29);
INSERT INTO `clientes` (`id`, `nombres`, `apellidoPaterno`, `apellidoMaterno`, `fechaNacimiento`, `correo`, `password`, `idDomicilio`) VALUES (30, 'Dax Wilderman DDS', 'Runolfsson', 'Murazik', '1993-06-20', 'iziemann@gmail.com', '3bdce85a0770b21ba11a5f9cd4da1147bc461a90', 30);
INSERT INTO `clientes` (`id`, `nombres`, `apellidoPaterno`, `apellidoMaterno`, `fechaNacimiento`, `correo`, `password`, `idDomicilio`) VALUES (31, 'Brook Roob', 'Ruecker', 'Kemmer', '1998-12-13', 'beahan.lowell@ward.net', '3afb438569f6f0dc9d85ced3ffda673ab7dc5eee', 31);
INSERT INTO `clientes` (`id`, `nombres`, `apellidoPaterno`, `apellidoMaterno`, `fechaNacimiento`, `correo`, `password`, `idDomicilio`) VALUES (32, 'Nolan Runte', 'Ziemann', 'Buckridge', '2010-10-24', 'herzog.mozelle@hotmail.com', 'b259a7da3957891b41e3d8abcc6fbc2380b7f858', 32);
INSERT INTO `clientes` (`id`, `nombres`, `apellidoPaterno`, `apellidoMaterno`, `fechaNacimiento`, `correo`, `password`, `idDomicilio`) VALUES (33, 'Arvid Bernier', 'Lowe', 'Pfannerstill', '2017-11-25', 'mavis48@gmail.com', '26b613e5e794745f972d3f26b6023864478db308', 33);
INSERT INTO `clientes` (`id`, `nombres`, `apellidoPaterno`, `apellidoMaterno`, `fechaNacimiento`, `correo`, `password`, `idDomicilio`) VALUES (34, 'Pierce Hyatt', 'Klein', 'Moore', '1990-11-10', 'daniella24@beatty.com', '94610470b7d6301e49bf7112c8796eee82dad74c', 34);
INSERT INTO `clientes` (`id`, `nombres`, `apellidoPaterno`, `apellidoMaterno`, `fechaNacimiento`, `correo`, `password`, `idDomicilio`) VALUES (35, 'Birdie Bartoletti DDS', 'Goldner', 'Purdy', '1980-01-29', 'fweimann@koelpin.net', '35786ec8da911fbc449cc54633fe419c61840aa8', 35);
INSERT INTO `clientes` (`id`, `nombres`, `apellidoPaterno`, `apellidoMaterno`, `fechaNacimiento`, `correo`, `password`, `idDomicilio`) VALUES (36, 'Prof. Kaley Wolf DDS', 'Ledner', 'Kassulke', '1983-12-20', 'vicenta83@hotmail.com', '785a1141c7477c9161236952a80b609457aecab9', 36);
INSERT INTO `clientes` (`id`, `nombres`, `apellidoPaterno`, `apellidoMaterno`, `fechaNacimiento`, `correo`, `password`, `idDomicilio`) VALUES (37, 'Mr. Gregory Schneider DDS', 'Mann', 'Watsica', '1971-06-27', 'whodkiewicz@hotmail.com', '0860c9f8dcb00fbf0c290c531c47b2b1aaa74790', 37);
INSERT INTO `clientes` (`id`, `nombres`, `apellidoPaterno`, `apellidoMaterno`, `fechaNacimiento`, `correo`, `password`, `idDomicilio`) VALUES (38, 'Maximillian Price', 'Murazik', 'Lueilwitz', '1983-07-12', 'theresa62@yahoo.com', '31a3723da5ea0feaedff6c859bb8aed976855a1f', 38);
INSERT INTO `clientes` (`id`, `nombres`, `apellidoPaterno`, `apellidoMaterno`, `fechaNacimiento`, `correo`, `password`, `idDomicilio`) VALUES (39, 'Alison Ryan', 'Windler', 'Dickinson', '2002-08-24', 'walker56@stantongraham.org', '8e11ded7690af34a26c88c865419a6085773cbcf', 39);
INSERT INTO `clientes` (`id`, `nombres`, `apellidoPaterno`, `apellidoMaterno`, `fechaNacimiento`, `correo`, `password`, `idDomicilio`) VALUES (40, 'Dr. Lonny Hudson', 'Kertzmann', 'Treutel', '2008-05-13', 'petra.quigley@hotmail.com', 'c605e89a89866f0d27b61706d23ed115de8b20e0', 40);
INSERT INTO `clientes` (`id`, `nombres`, `apellidoPaterno`, `apellidoMaterno`, `fechaNacimiento`, `correo`, `password`, `idDomicilio`) VALUES (41, 'Ms. Annamarie Padberg', 'Lockman', 'Schiller', '1994-04-08', 'clovis35@leffler.com', 'cac1f8156acae8e6c2b8eb5a21a5ba41a305e621', 41);
INSERT INTO `clientes` (`id`, `nombres`, `apellidoPaterno`, `apellidoMaterno`, `fechaNacimiento`, `correo`, `password`, `idDomicilio`) VALUES (42, 'Nils Gerlach', 'Hilpert', 'Pollich', '2007-06-10', 'ahuel@marvinwalker.com', '6f0ffc7001f78ad9615aba907cf53dd26c27d631', 42);
INSERT INTO `clientes` (`id`, `nombres`, `apellidoPaterno`, `apellidoMaterno`, `fechaNacimiento`, `correo`, `password`, `idDomicilio`) VALUES (43, 'Prof. Emilio Schmeler', 'Block', 'Schultz', '1972-12-26', 'rowe.king@blandalueilwitz.org', '45b501c07e570dedc0bc2880cba96df9bd0e5db8', 43);
INSERT INTO `clientes` (`id`, `nombres`, `apellidoPaterno`, `apellidoMaterno`, `fechaNacimiento`, `correo`, `password`, `idDomicilio`) VALUES (44, 'Donnie Klein II', 'Schimmel', 'Tromp', '1990-12-13', 'maida46@conn.biz', '44810cf2ac74bb16691e48fd457476039cbffdf2', 44);
INSERT INTO `clientes` (`id`, `nombres`, `apellidoPaterno`, `apellidoMaterno`, `fechaNacimiento`, `correo`, `password`, `idDomicilio`) VALUES (45, 'Magnus Lowe', 'Gusikowski', 'Ferry', '1970-04-03', 'gideon.stark@hotmail.com', 'de74198df4ee8e89e6226982b84e06d1a11fdb13', 45);
INSERT INTO `clientes` (`id`, `nombres`, `apellidoPaterno`, `apellidoMaterno`, `fechaNacimiento`, `correo`, `password`, `idDomicilio`) VALUES (46, 'Mrs. Marisol Okuneva DDS', 'Streich', 'Mayert', '1987-02-25', 'adam.leffler@hotmail.com', '9889c082c99545fa6f7efac47aa41fb142b93a29', 46);
INSERT INTO `clientes` (`id`, `nombres`, `apellidoPaterno`, `apellidoMaterno`, `fechaNacimiento`, `correo`, `password`, `idDomicilio`) VALUES (47, 'Rylan Kautzer', 'Schumm', 'Carter', '2009-06-18', 'lula.farrell@huels.com', '2a18cf32db3968bf7bbe6f432771e1e3c0170c9c', 47);
INSERT INTO `clientes` (`id`, `nombres`, `apellidoPaterno`, `apellidoMaterno`, `fechaNacimiento`, `correo`, `password`, `idDomicilio`) VALUES (48, 'Nikita Turcotte', 'Mayert', 'Kertzmann', '1996-09-27', 'mhauck@hotmail.com', '219e1d76ca6ef735ebc92b28996c1aedde5a27a9', 48);
INSERT INTO `clientes` (`id`, `nombres`, `apellidoPaterno`, `apellidoMaterno`, `fechaNacimiento`, `correo`, `password`, `idDomicilio`) VALUES (49, 'Prof. Hilbert Robel PhD', 'Hauck', 'Johnson', '2011-05-10', 'mac.homenick@yahoo.com', 'da37b0cd12e58fe49832b7122619be01e890ac5a', 49);
INSERT INTO `clientes` (`id`, `nombres`, `apellidoPaterno`, `apellidoMaterno`, `fechaNacimiento`, `correo`, `password`, `idDomicilio`) VALUES (50, 'Miss Lea Torphy IV', 'Wehner', 'Robel', '1996-09-03', 'schultz.neal@binsokuneva.org', '4f04961ac5d1939ab195706985fb84994045a248', 50);
INSERT INTO `clientes` (`id`, `nombres`, `apellidoPaterno`, `apellidoMaterno`, `fechaNacimiento`, `correo`, `password`, `idDomicilio`) VALUES (51, 'Rosalee Dicki', 'Pollich', 'Satterfield', '2011-02-20', 'brandy.schamberger@yahoo.com', '1fa73d4fb5a2528fcd6898cd97264f0cb0d1dcd1', 51);
INSERT INTO `clientes` (`id`, `nombres`, `apellidoPaterno`, `apellidoMaterno`, `fechaNacimiento`, `correo`, `password`, `idDomicilio`) VALUES (52, 'Sadye Oberbrunner', 'Bergstrom', 'Crooks', '1976-02-04', 'letitia75@yahoo.com', '746dab877960340a1a73703dde57af0176e06aba', 52);
INSERT INTO `clientes` (`id`, `nombres`, `apellidoPaterno`, `apellidoMaterno`, `fechaNacimiento`, `correo`, `password`, `idDomicilio`) VALUES (53, 'Filomena Ortiz', 'Rutherford', 'Hirthe', '2000-11-03', 'heidenreich.marge@gmail.com', '9091722222be5ce6ddc18fb3cf58eaf54e0df7ce', 53);
INSERT INTO `clientes` (`id`, `nombres`, `apellidoPaterno`, `apellidoMaterno`, `fechaNacimiento`, `correo`, `password`, `idDomicilio`) VALUES (54, 'Norene Toy DDS', 'Flatley', 'D\'Amore', '1978-09-04', 'nathen88@cormier.com', 'ff6611155b44f21b2aa904d9ca73fde4ecd05934', 54);
INSERT INTO `clientes` (`id`, `nombres`, `apellidoPaterno`, `apellidoMaterno`, `fechaNacimiento`, `correo`, `password`, `idDomicilio`) VALUES (55, 'Imogene Nader', 'Schimmel', 'Wiza', '1986-10-21', 'rempel.hulda@yahoo.com', '212ea48e3ad9e03210326e57d9585111742949b6', 55);
INSERT INTO `clientes` (`id`, `nombres`, `apellidoPaterno`, `apellidoMaterno`, `fechaNacimiento`, `correo`, `password`, `idDomicilio`) VALUES (56, 'Art Bradtke III', 'Heathcote', 'Ryan', '2012-01-13', 'cecile.bins@gmail.com', '82f6ed98d4df0cdfad4533417166605181648fbb', 56);
INSERT INTO `clientes` (`id`, `nombres`, `apellidoPaterno`, `apellidoMaterno`, `fechaNacimiento`, `correo`, `password`, `idDomicilio`) VALUES (57, 'Ms. Susanna Lebsack', 'Roberts', 'Schaefer', '2004-06-25', 'pollich.kamryn@collins.biz', '3cb55beac55abf3efe32543e011684ec8b0b0022', 57);
INSERT INTO `clientes` (`id`, `nombres`, `apellidoPaterno`, `apellidoMaterno`, `fechaNacimiento`, `correo`, `password`, `idDomicilio`) VALUES (58, 'Neva Bernhard', 'Beer', 'Jast', '2013-08-30', 'francis.prosacco@doyle.biz', '9cf1261780c43cb5be6b1c3b86ad981376ab9856', 58);
INSERT INTO `clientes` (`id`, `nombres`, `apellidoPaterno`, `apellidoMaterno`, `fechaNacimiento`, `correo`, `password`, `idDomicilio`) VALUES (59, 'Emilia Howe', 'Grant', 'Buckridge', '2018-04-01', 'ransom78@dach.com', '5648b600d6afe6dfdbf386f16681c09c124b7ef0', 59);
INSERT INTO `clientes` (`id`, `nombres`, `apellidoPaterno`, `apellidoMaterno`, `fechaNacimiento`, `correo`, `password`, `idDomicilio`) VALUES (60, 'Eduardo Rowe', 'Cruickshank', 'Kohler', '1970-02-01', 'maud.ondricka@yahoo.com', 'd09ba886d26166c63d955834c786401fe669172b', 60);
INSERT INTO `clientes` (`id`, `nombres`, `apellidoPaterno`, `apellidoMaterno`, `fechaNacimiento`, `correo`, `password`, `idDomicilio`) VALUES (61, 'Dr. Will Gutkowski MD', 'Marquardt', 'Schmeler', '1970-08-15', 'trudie.gusikowski@yahoo.com', '85d01849b24d9e8cdb429df0ad67c2e30e1f625a', 61);
INSERT INTO `clientes` (`id`, `nombres`, `apellidoPaterno`, `apellidoMaterno`, `fechaNacimiento`, `correo`, `password`, `idDomicilio`) VALUES (62, 'Sonia Okuneva', 'Kessler', 'Ruecker', '1996-07-10', 'yazmin.mckenzie@kautzer.com', '2daf1b12978343f6e2d4a396707268a3a7c54861', 62);
INSERT INTO `clientes` (`id`, `nombres`, `apellidoPaterno`, `apellidoMaterno`, `fechaNacimiento`, `correo`, `password`, `idDomicilio`) VALUES (63, 'Tianna Steuber', 'Dickinson', 'Lakin', '1974-04-20', 'tremblay.courtney@gmail.com', 'dbae0ec52030d29535743a40bdb0264984a4ec34', 63);
INSERT INTO `clientes` (`id`, `nombres`, `apellidoPaterno`, `apellidoMaterno`, `fechaNacimiento`, `correo`, `password`, `idDomicilio`) VALUES (64, 'Abe McClure Jr.', 'Jacobs', 'O\'Kon', '2000-06-04', 'boehm.abner@feeney.biz', 'd995b6d5760fe821268a8860291531bc9864a0b0', 64);
INSERT INTO `clientes` (`id`, `nombres`, `apellidoPaterno`, `apellidoMaterno`, `fechaNacimiento`, `correo`, `password`, `idDomicilio`) VALUES (65, 'Buddy Jakubowski', 'Strosin', 'Herzog', '2000-02-19', 'feil.bailee@larson.info', '56e4d81fca949c0feee7e866151990909ae5a5fa', 65);
INSERT INTO `clientes` (`id`, `nombres`, `apellidoPaterno`, `apellidoMaterno`, `fechaNacimiento`, `correo`, `password`, `idDomicilio`) VALUES (66, 'Adelbert Dare', 'Hackett', 'Nolan', '2002-07-23', 'claire.skiles@yahoo.com', 'b1157f75d2b8d56d35020d7751b37e9d99d132be', 66);
INSERT INTO `clientes` (`id`, `nombres`, `apellidoPaterno`, `apellidoMaterno`, `fechaNacimiento`, `correo`, `password`, `idDomicilio`) VALUES (67, 'Dr. Chance Pacocha V', 'Rath', 'Volkman', '1990-06-05', 'ortiz.cecilia@hotmail.com', 'eede73f54b0ed6c39bf67bc7d6fc22837bcf2f7a', 67);
INSERT INTO `clientes` (`id`, `nombres`, `apellidoPaterno`, `apellidoMaterno`, `fechaNacimiento`, `correo`, `password`, `idDomicilio`) VALUES (68, 'Adela Sporer Sr.', 'Morissette', 'Bernier', '1989-06-28', 'amiller@mayer.com', '7f6a6791a0dffc5256a3d7549b99a27f72e48178', 68);
INSERT INTO `clientes` (`id`, `nombres`, `apellidoPaterno`, `apellidoMaterno`, `fechaNacimiento`, `correo`, `password`, `idDomicilio`) VALUES (69, 'Dr. Uriel Yost PhD', 'Veum', 'Schimmel', '1992-11-08', 'parisian.lavina@hintz.com', 'f449133debef722d42605feb60d319011cc843ff', 69);
INSERT INTO `clientes` (`id`, `nombres`, `apellidoPaterno`, `apellidoMaterno`, `fechaNacimiento`, `correo`, `password`, `idDomicilio`) VALUES (70, 'Dr. Tyrel Hettinger IV', 'Wiegand', 'Tremblay', '1976-09-23', 'damian64@gmail.com', '7c4c59ea4a934b72577ebe1a3a5b4711b9844b74', 70);
INSERT INTO `clientes` (`id`, `nombres`, `apellidoPaterno`, `apellidoMaterno`, `fechaNacimiento`, `correo`, `password`, `idDomicilio`) VALUES (71, 'Cassandra Tromp', 'Stamm', 'Blick', '1970-08-09', 'zmertz@mante.com', '3cb1f908f8d536091d2496705c3eba68d229b985', 71);
INSERT INTO `clientes` (`id`, `nombres`, `apellidoPaterno`, `apellidoMaterno`, `fechaNacimiento`, `correo`, `password`, `idDomicilio`) VALUES (72, 'Alayna Emard', 'O\'Connell', 'Runte', '1997-05-20', 'brice24@yahoo.com', 'b21ccb46141257f08006d5bcaa58d777521a5bd5', 72);
INSERT INTO `clientes` (`id`, `nombres`, `apellidoPaterno`, `apellidoMaterno`, `fechaNacimiento`, `correo`, `password`, `idDomicilio`) VALUES (73, 'Edgar Toy', 'Kuphal', 'Batz', '1977-05-23', 'traynor@muller.net', '1ad47e2e0eeb6c0fbda27def6a24c63a3bf0f061', 73);
INSERT INTO `clientes` (`id`, `nombres`, `apellidoPaterno`, `apellidoMaterno`, `fechaNacimiento`, `correo`, `password`, `idDomicilio`) VALUES (74, 'Mae Schamberger II', 'Reichel', 'Ullrich', '2014-01-04', 'sconnelly@schambergeryost.com', '2e8993fea95fbcf43b610af61fa6b8a6406af02b', 74);
INSERT INTO `clientes` (`id`, `nombres`, `apellidoPaterno`, `apellidoMaterno`, `fechaNacimiento`, `correo`, `password`, `idDomicilio`) VALUES (75, 'Joesph Balistreri', 'Carroll', 'Kautzer', '2000-06-13', 'konopelski.mavis@yahoo.com', 'a65fe94b87c1fe5d26510f5a66427398a6036485', 75);
INSERT INTO `clientes` (`id`, `nombres`, `apellidoPaterno`, `apellidoMaterno`, `fechaNacimiento`, `correo`, `password`, `idDomicilio`) VALUES (76, 'Elisa Botsford', 'Herman', 'Williamson', '1972-06-19', 'alvena33@mayertzemlak.com', '3ea62efd168051bc613d3eb1917f0353a618080a', 76);
INSERT INTO `clientes` (`id`, `nombres`, `apellidoPaterno`, `apellidoMaterno`, `fechaNacimiento`, `correo`, `password`, `idDomicilio`) VALUES (77, 'Madilyn Cassin', 'Lowe', 'Moore', '1994-05-18', 'dadams@gmail.com', '74f3dde17b65e4f176b857502bff991fbce3f679', 77);
INSERT INTO `clientes` (`id`, `nombres`, `apellidoPaterno`, `apellidoMaterno`, `fechaNacimiento`, `correo`, `password`, `idDomicilio`) VALUES (78, 'Dr. Nakia White', 'Russel', 'Schultz', '1995-09-12', 'ogutmann@mraz.biz', '31e22d54eac450f7d873ac528916ca875ff34c10', 78);
INSERT INTO `clientes` (`id`, `nombres`, `apellidoPaterno`, `apellidoMaterno`, `fechaNacimiento`, `correo`, `password`, `idDomicilio`) VALUES (79, 'Casimir Heaney IV', 'McDermott', 'Haag', '2010-01-17', 'dangelo26@hirthe.com', '7edf4f8c3a9426a73ca3e076137b819db515f624', 79);
INSERT INTO `clientes` (`id`, `nombres`, `apellidoPaterno`, `apellidoMaterno`, `fechaNacimiento`, `correo`, `password`, `idDomicilio`) VALUES (80, 'Prof. Augustus Christiansen DDS', 'Rau', 'Koelpin', '2008-01-21', 'reichel.cristina@hotmail.com', '8bcbb389adedebd9bc8799e99777306fcecbc389', 80);
INSERT INTO `clientes` (`id`, `nombres`, `apellidoPaterno`, `apellidoMaterno`, `fechaNacimiento`, `correo`, `password`, `idDomicilio`) VALUES (81, 'Dr. Dallas Turner V', 'Hackett', 'Stroman', '2019-05-22', 'rudy.stamm@gerhold.com', '50849a5f00e7d78c763840e03ea81d3b11a92003', 81);
INSERT INTO `clientes` (`id`, `nombres`, `apellidoPaterno`, `apellidoMaterno`, `fechaNacimiento`, `correo`, `password`, `idDomicilio`) VALUES (82, 'Phyllis Spencer', 'Jones', 'Stroman', '1970-11-26', 'brianne58@yahoo.com', '7507578b85d845d6edc5d6c49684042b4b0eb06e', 82);
INSERT INTO `clientes` (`id`, `nombres`, `apellidoPaterno`, `apellidoMaterno`, `fechaNacimiento`, `correo`, `password`, `idDomicilio`) VALUES (83, 'Olaf Tremblay', 'Veum', 'Bernhard', '1973-07-29', 'howe.jedediah@yahoo.com', '4f7e6511fa5c311b10f997a07946f9f953321d69', 83);
INSERT INTO `clientes` (`id`, `nombres`, `apellidoPaterno`, `apellidoMaterno`, `fechaNacimiento`, `correo`, `password`, `idDomicilio`) VALUES (84, 'Prof. Effie Watsica MD', 'Littel', 'Waters', '1970-05-03', 'graham.myrtie@buckridge.org', '287be7b1dd40c4ff37210587a45b0ac9993ee9cd', 84);
INSERT INTO `clientes` (`id`, `nombres`, `apellidoPaterno`, `apellidoMaterno`, `fechaNacimiento`, `correo`, `password`, `idDomicilio`) VALUES (85, 'Kyra Grady', 'Bogan', 'Considine', '2017-05-20', 'denesik.raquel@prosacco.com', '560bbbb5f8a417ef7533d204565d3fc5dd3e114b', 85);
INSERT INTO `clientes` (`id`, `nombres`, `apellidoPaterno`, `apellidoMaterno`, `fechaNacimiento`, `correo`, `password`, `idDomicilio`) VALUES (86, 'Ms. Rhianna Luettgen', 'Reichert', 'Botsford', '1989-04-26', 'milford69@hotmail.com', 'fc990f58ba584b838b81196c54d043876dc8ecd0', 86);
INSERT INTO `clientes` (`id`, `nombres`, `apellidoPaterno`, `apellidoMaterno`, `fechaNacimiento`, `correo`, `password`, `idDomicilio`) VALUES (87, 'Anne Lowe', 'Dicki', 'Kunze', '1998-11-09', 'kaleb43@hermistonwest.org', 'd92665ac4182b971cb5bb7b0ea4dbdaedeb0bc55', 87);
INSERT INTO `clientes` (`id`, `nombres`, `apellidoPaterno`, `apellidoMaterno`, `fechaNacimiento`, `correo`, `password`, `idDomicilio`) VALUES (88, 'Gabriel Morar V', 'Will', 'Miller', '2019-05-01', 'kaelyn.rolfson@hotmail.com', '58e28a0cacbb1a8fc1f960e0b9e8827b5e8014e2', 88);
INSERT INTO `clientes` (`id`, `nombres`, `apellidoPaterno`, `apellidoMaterno`, `fechaNacimiento`, `correo`, `password`, `idDomicilio`) VALUES (89, 'Prof. Gordon Lesch PhD', 'Marvin', 'Zemlak', '2010-06-28', 'rogahn.henri@hotmail.com', '7e19e54c72009ebcac24e21425ed3d7a095c17a4', 89);
INSERT INTO `clientes` (`id`, `nombres`, `apellidoPaterno`, `apellidoMaterno`, `fechaNacimiento`, `correo`, `password`, `idDomicilio`) VALUES (90, 'Aniya Braun', 'Gerhold', 'Stehr', '2020-08-06', 'kristofer.howell@anderson.info', '0bd5ed91d49a4f3b979e7b0dd1858752ec3f1c86', 90);
INSERT INTO `clientes` (`id`, `nombres`, `apellidoPaterno`, `apellidoMaterno`, `fechaNacimiento`, `correo`, `password`, `idDomicilio`) VALUES (91, 'Eli Halvorson', 'Reichel', 'Rempel', '1973-05-19', 'mraz.shaniya@okeefepaucek.com', '9723f1cfe5a24e9323b1bac65a4f08c5e8fcd31a', 91);
INSERT INTO `clientes` (`id`, `nombres`, `apellidoPaterno`, `apellidoMaterno`, `fechaNacimiento`, `correo`, `password`, `idDomicilio`) VALUES (92, 'Prof. Elliott Koepp', 'McCullough', 'White', '2012-09-02', 'kuhn.mitchell@yahoo.com', '1667e118d64af3d50d696c00eb45b86a33693359', 92);
INSERT INTO `clientes` (`id`, `nombres`, `apellidoPaterno`, `apellidoMaterno`, `fechaNacimiento`, `correo`, `password`, `idDomicilio`) VALUES (93, 'Miss Jermaine Kulas', 'Dare', 'Robel', '1994-03-30', 'klein.bria@balistreri.biz', '5d8a0636a4948949683f0322994075b5ae3e3bc5', 93);
INSERT INTO `clientes` (`id`, `nombres`, `apellidoPaterno`, `apellidoMaterno`, `fechaNacimiento`, `correo`, `password`, `idDomicilio`) VALUES (94, 'Dr. Glen Kemmer', 'Kris', 'Stokes', '2020-05-09', 'jodie.rolfson@hudson.com', '5c0cff60d99e76a71330a0e2c066b1d38ceec4c9', 94);
INSERT INTO `clientes` (`id`, `nombres`, `apellidoPaterno`, `apellidoMaterno`, `fechaNacimiento`, `correo`, `password`, `idDomicilio`) VALUES (95, 'Alexa Greenholt IV', 'Huels', 'Pfannerstill', '2010-07-27', 'nveum@jones.com', 'd6cf6d3e5f5eafa51341df45b5d67e74379ea48e', 95);
INSERT INTO `clientes` (`id`, `nombres`, `apellidoPaterno`, `apellidoMaterno`, `fechaNacimiento`, `correo`, `password`, `idDomicilio`) VALUES (96, 'Margarett Deckow', 'Fahey', 'Morar', '1983-07-15', 'mhilpert@murphy.org', '9ed2447293f308e7d7143ae123723435e232dd25', 96);
INSERT INTO `clientes` (`id`, `nombres`, `apellidoPaterno`, `apellidoMaterno`, `fechaNacimiento`, `correo`, `password`, `idDomicilio`) VALUES (97, 'Trent Harris', 'Bayer', 'Lowe', '2017-05-10', 'glennie.swift@rice.com', '9bc632915a76f13046c85bd19f2eee26205f3add', 97);
INSERT INTO `clientes` (`id`, `nombres`, `apellidoPaterno`, `apellidoMaterno`, `fechaNacimiento`, `correo`, `password`, `idDomicilio`) VALUES (98, 'Hassan Maggio Sr.', 'Metz', 'Sipes', '1976-05-09', 'sabina06@gmail.com', '61b211401c7e9d185e0a762874c324f9cc90c91a', 98);
INSERT INTO `clientes` (`id`, `nombres`, `apellidoPaterno`, `apellidoMaterno`, `fechaNacimiento`, `correo`, `password`, `idDomicilio`) VALUES (99, 'Adele Bergstrom', 'Smith', 'Walker', '1970-04-24', 'pswaniawski@blanda.com', 'bcd106a25ef25408667fd3049909585ae1cb4867', 99);
INSERT INTO `clientes` (`id`, `nombres`, `apellidoPaterno`, `apellidoMaterno`, `fechaNacimiento`, `correo`, `password`, `idDomicilio`) VALUES (100, 'Judy Leffler Sr.', 'Miller', 'Ankunding', '2000-08-04', 'morar.larue@yahoo.com', 'a5a57343508fe7d918c54250420e0ae0e2bc6cec', 100);



#
#  cuentasBancarias
#

INSERT INTO `cuentasBancarias` (`id`, `noCuenta`, `fechaApertura`, `idCliente`, `estadoCuenta`) VALUES (1, '4356777034692', '1993-11-04 03:46:35', 1, 'Activa');
INSERT INTO `cuentasBancarias` (`id`, `noCuenta`, `fechaApertura`, `saldoMXN`, `idCliente`, `estadoCuenta`) VALUES (2, '5206123364992813', '1986-10-16 22:42:04', '9999.9999', 2, 'Activa');
INSERT INTO `cuentasBancarias` (`id`, `noCuenta`, `fechaApertura`, `saldoMXN`, `idCliente`, `estadoCuenta`) VALUES (3, '4716885301442', '1985-07-26 00:03:38', '2.0660', 3, 'Inactiva');
INSERT INTO `cuentasBancarias` (`id`, `noCuenta`, `fechaApertura`, `saldoMXN`, `idCliente`, `estadoCuenta`) VALUES (4, '5293667976505666', '1999-09-22 22:20:56', '1855.1160', 4, 'Inactiva');
INSERT INTO `cuentasBancarias` (`id`, `noCuenta`, `fechaApertura`, `saldoMXN`, `idCliente`, `estadoCuenta`) VALUES (5, '6011402929680492', '2022-01-31 08:50:34', '9999.9999', 5, 'Activa');
INSERT INTO `cuentasBancarias` (`id`, `noCuenta`, `fechaApertura`, `saldoMXN`, `idCliente`, `estadoCuenta`) VALUES (6, '5101197749846138', '1972-01-31 09:40:16', '2191.6800', 6, 'Inactiva');
INSERT INTO `cuentasBancarias` (`id`, `noCuenta`, `fechaApertura`, `saldoMXN`, `idCliente`, `estadoCuenta`) VALUES (7, '5136799201693082', '1977-09-14 07:47:06', '9999.9999', 7, 'Inactiva');
INSERT INTO `cuentasBancarias` (`id`, `noCuenta`, `fechaApertura`, `saldoMXN`, `idCliente`, `estadoCuenta`) VALUES (8, '6011333843964182', '1973-06-07 09:46:27', '6.4109', 8, 'Inactiva');
INSERT INTO `cuentasBancarias` (`id`, `noCuenta`, `fechaApertura`, `saldoMXN`, `idCliente`, `estadoCuenta`) VALUES (9, '4556220241531', '2001-05-27 13:14:42', '234.6004', 9, 'Inactiva');
INSERT INTO `cuentasBancarias` (`id`, `noCuenta`, `fechaApertura`, `saldoMXN`, `idCliente`, `estadoCuenta`) VALUES (10, '346253842112315', '2016-11-15 11:36:29', '1.8580', 10, 'Activa');
INSERT INTO `cuentasBancarias` (`id`, `noCuenta`, `fechaApertura`, `saldoMXN`, `idCliente`, `estadoCuenta`) VALUES (11, '4716388229117686', '1974-04-26 12:35:30', '1.5096', 11, 'Inactiva');
INSERT INTO `cuentasBancarias` (`id`, `noCuenta`, `fechaApertura`, `saldoMXN`, `idCliente`, `estadoCuenta`) VALUES (12, '5508977628706568', '1998-05-05 02:54:58', '9999.9999', 12, 'Inactiva');
INSERT INTO `cuentasBancarias` (`id`, `noCuenta`, `fechaApertura`, `saldoMXN`, `idCliente`, `estadoCuenta`) VALUES (13, '5553234565155855', '1997-09-10 18:27:47', '0.0000', 13, 'Activa');
INSERT INTO `cuentasBancarias` (`id`, `noCuenta`, `fechaApertura`, `saldoMXN`, `idCliente`, `estadoCuenta`) VALUES (14, '5166718726574999', '2009-07-11 02:30:16', '9999.9999', 14, 'Activa');
INSERT INTO `cuentasBancarias` (`id`, `noCuenta`, `fechaApertura`, `saldoMXN`, `idCliente`, `estadoCuenta`) VALUES (15, '4929637929989027', '2005-03-02 09:26:25', '595.0000', 15, 'Inactiva');
INSERT INTO `cuentasBancarias` (`id`, `noCuenta`, `fechaApertura`, `saldoMXN`, `idCliente`, `estadoCuenta`) VALUES (16, '4916917461422', '2005-12-17 17:05:42', '42.0000', 16, 'Inactiva');
INSERT INTO `cuentasBancarias` (`id`, `noCuenta`, `fechaApertura`, `saldoMXN`, `idCliente`, `estadoCuenta`) VALUES (17, '374628125728094', '1999-07-29 13:08:59', '6840.3000', 17, 'Activa');
INSERT INTO `cuentasBancarias` (`id`, `noCuenta`, `fechaApertura`, `saldoMXN`, `idCliente`, `estadoCuenta`) VALUES (18, '4929995936173', '1978-08-08 05:47:06', '3997.5389', 18, 'Activa');
INSERT INTO `cuentasBancarias` (`id`, `noCuenta`, `fechaApertura`, `saldoMXN`, `idCliente`, `estadoCuenta`) VALUES (19, '6011795182985330', '1980-03-12 07:31:38', '39.4000', 19, 'Inactiva');
INSERT INTO `cuentasBancarias` (`id`, `noCuenta`, `fechaApertura`, `saldoMXN`, `idCliente`, `estadoCuenta`) VALUES (20, '370673363797305', '1982-11-23 14:46:18', '9999.9999', 20, 'Activa');
INSERT INTO `cuentasBancarias` (`id`, `noCuenta`, `fechaApertura`, `saldoMXN`, `idCliente`, `estadoCuenta`) VALUES (21, '5501008398966504', '1983-02-13 00:20:00', '9999.9999', 21, 'Inactiva');
INSERT INTO `cuentasBancarias` (`id`, `noCuenta`, `fechaApertura`, `saldoMXN`, `idCliente`, `estadoCuenta`) VALUES (22, '6011439072849530', '2004-02-15 11:12:37', '0.0000', 22, 'Inactiva');
INSERT INTO `cuentasBancarias` (`id`, `noCuenta`, `fechaApertura`, `saldoMXN`, `idCliente`, `estadoCuenta`) VALUES (23, '349717063531130', '1991-11-26 20:38:18', '9999.9999', 23, 'Inactiva');
INSERT INTO `cuentasBancarias` (`id`, `noCuenta`, `fechaApertura`, `saldoMXN`, `idCliente`, `estadoCuenta`) VALUES (24, '4916071882016823', '1971-01-29 19:34:36', '9999.9999', 24, 'Inactiva');
INSERT INTO `cuentasBancarias` (`id`, `noCuenta`, `fechaApertura`, `saldoMXN`, `idCliente`, `estadoCuenta`) VALUES (25, '4929402202368139', '2007-03-06 21:04:47', '9999.9999', 25, 'Inactiva');
INSERT INTO `cuentasBancarias` (`id`, `noCuenta`, `fechaApertura`, `saldoMXN`, `idCliente`, `estadoCuenta`) VALUES (26, '348638066740560', '2020-01-29 00:07:56', '0.0000', 26, 'Inactiva');
INSERT INTO `cuentasBancarias` (`id`, `noCuenta`, `fechaApertura`, `saldoMXN`, `idCliente`, `estadoCuenta`) VALUES (27, '5456421308794101', '1981-11-03 12:57:25', '9999.9999', 27, 'Inactiva');
INSERT INTO `cuentasBancarias` (`id`, `noCuenta`, `fechaApertura`, `saldoMXN`, `idCliente`, `estadoCuenta`) VALUES (28, '5285700691797550', '2018-02-16 14:21:56', '601.3000', 28, 'Activa');
INSERT INTO `cuentasBancarias` (`id`, `noCuenta`, `fechaApertura`, `saldoMXN`, `idCliente`, `estadoCuenta`) VALUES (29, '4539082274142', '2005-02-11 16:45:44', '9999.9999', 29, 'Activa');
INSERT INTO `cuentasBancarias` (`id`, `noCuenta`, `fechaApertura`, `saldoMXN`, `idCliente`, `estadoCuenta`) VALUES (30, '6011437734565865', '2009-05-13 04:49:32', '9999.9999', 30, 'Activa');
INSERT INTO `cuentasBancarias` (`id`, `noCuenta`, `fechaApertura`, `saldoMXN`, `idCliente`, `estadoCuenta`) VALUES (31, '4929313591201', '2003-12-13 09:03:16', '0.0000', 31, 'Inactiva');
INSERT INTO `cuentasBancarias` (`id`, `noCuenta`, `fechaApertura`, `saldoMXN`, `idCliente`, `estadoCuenta`) VALUES (32, '4539014267188850', '1978-11-04 20:18:56', '9999.9999', 32, 'Activa');
INSERT INTO `cuentasBancarias` (`id`, `noCuenta`, `fechaApertura`, `saldoMXN`, `idCliente`, `estadoCuenta`) VALUES (33, '5373935300685321', '1998-02-09 06:21:58', '9999.9999', 33, 'Inactiva');
INSERT INTO `cuentasBancarias` (`id`, `noCuenta`, `fechaApertura`, `saldoMXN`, `idCliente`, `estadoCuenta`) VALUES (34, '6011061355315319', '1996-09-20 11:42:29', '137.6798', 34, 'Activa');
INSERT INTO `cuentasBancarias` (`id`, `noCuenta`, `fechaApertura`, `saldoMXN`, `idCliente`, `estadoCuenta`) VALUES (35, '4532215170270', '2002-11-06 21:24:24', '1898.4282', 35, 'Inactiva');
INSERT INTO `cuentasBancarias` (`id`, `noCuenta`, `fechaApertura`, `saldoMXN`, `idCliente`, `estadoCuenta`) VALUES (36, '4556016489633', '1986-02-10 14:02:12', '9999.9999', 36, 'Activa');
INSERT INTO `cuentasBancarias` (`id`, `noCuenta`, `fechaApertura`, `saldoMXN`, `idCliente`, `estadoCuenta`) VALUES (37, '5414349560132731', '1988-01-29 05:43:42', '3.3480', 37, 'Inactiva');
INSERT INTO `cuentasBancarias` (`id`, `noCuenta`, `fechaApertura`, `saldoMXN`, `idCliente`, `estadoCuenta`) VALUES (38, '4024007135500555', '2015-09-04 00:37:48', '9999.9999', 38, 'Inactiva');
INSERT INTO `cuentasBancarias` (`id`, `noCuenta`, `fechaApertura`, `saldoMXN`, `idCliente`, `estadoCuenta`) VALUES (39, '4929663899162', '1989-02-13 22:02:08', '9999.9999', 39, 'Activa');
INSERT INTO `cuentasBancarias` (`id`, `noCuenta`, `fechaApertura`, `saldoMXN`, `idCliente`, `estadoCuenta`) VALUES (40, '5164877202417020', '2005-04-29 15:17:15', '5.0858', 40, 'Inactiva');
INSERT INTO `cuentasBancarias` (`id`, `noCuenta`, `fechaApertura`, `saldoMXN`, `idCliente`, `estadoCuenta`) VALUES (41, '4539950417781564', '1991-10-18 20:01:59', '5.0000', 41, 'Inactiva');
INSERT INTO `cuentasBancarias` (`id`, `noCuenta`, `fechaApertura`, `saldoMXN`, `idCliente`, `estadoCuenta`) VALUES (42, '374897809722129', '1973-10-16 18:55:42', '141.8000', 42, 'Activa');
INSERT INTO `cuentasBancarias` (`id`, `noCuenta`, `fechaApertura`, `saldoMXN`, `idCliente`, `estadoCuenta`) VALUES (43, '5369280274096436', '1980-04-15 13:25:59', '77.0000', 43, 'Inactiva');
INSERT INTO `cuentasBancarias` (`id`, `noCuenta`, `fechaApertura`, `saldoMXN`, `idCliente`, `estadoCuenta`) VALUES (44, '4716414787579694', '2015-03-03 15:55:52', '468.4815', 44, 'Inactiva');
INSERT INTO `cuentasBancarias` (`id`, `noCuenta`, `fechaApertura`, `saldoMXN`, `idCliente`, `estadoCuenta`) VALUES (45, '5123755375783931', '1994-07-15 11:30:33', '9999.9999', 45, 'Activa');
INSERT INTO `cuentasBancarias` (`id`, `noCuenta`, `fechaApertura`, `saldoMXN`, `idCliente`, `estadoCuenta`) VALUES (46, '6011278866677048', '2009-10-31 18:19:44', '9999.9999', 46, 'Activa');
INSERT INTO `cuentasBancarias` (`id`, `noCuenta`, `fechaApertura`, `saldoMXN`, `idCliente`, `estadoCuenta`) VALUES (47, '5536820957924990', '1972-10-27 17:27:15', '9999.9999', 47, 'Inactiva');
INSERT INTO `cuentasBancarias` (`id`, `noCuenta`, `fechaApertura`, `saldoMXN`, `idCliente`, `estadoCuenta`) VALUES (48, '5392873307271613', '1982-06-09 05:22:18', '9999.9999', 48, 'Activa');
INSERT INTO `cuentasBancarias` (`id`, `noCuenta`, `fechaApertura`, `saldoMXN`, `idCliente`, `estadoCuenta`) VALUES (49, '5413170253686907', '1997-04-12 05:35:37', '9999.9999', 49, 'Inactiva');
INSERT INTO `cuentasBancarias` (`id`, `noCuenta`, `fechaApertura`, `saldoMXN`, `idCliente`, `estadoCuenta`) VALUES (50, '4556814070073911', '1990-09-04 15:13:40', '5.2240', 50, 'Inactiva');
INSERT INTO `cuentasBancarias` (`id`, `noCuenta`, `fechaApertura`, `saldoMXN`, `idCliente`, `estadoCuenta`) VALUES (51, '4485055354330', '1986-10-23 22:58:57', '8.0000', 51, 'Activa');
INSERT INTO `cuentasBancarias` (`id`, `noCuenta`, `fechaApertura`, `saldoMXN`, `idCliente`, `estadoCuenta`) VALUES (52, '4539712023262', '2016-11-05 07:50:16', '0.3494', 52, 'Activa');
INSERT INTO `cuentasBancarias` (`id`, `noCuenta`, `fechaApertura`, `saldoMXN`, `idCliente`, `estadoCuenta`) VALUES (53, '5242152838209023', '1994-10-08 02:54:28', '9999.9999', 53, 'Activa');
INSERT INTO `cuentasBancarias` (`id`, `noCuenta`, `fechaApertura`, `saldoMXN`, `idCliente`, `estadoCuenta`) VALUES (54, '4532589573072536', '1996-12-21 13:26:46', '9999.9999', 54, 'Activa');
INSERT INTO `cuentasBancarias` (`id`, `noCuenta`, `fechaApertura`, `saldoMXN`, `idCliente`, `estadoCuenta`) VALUES (55, '6011057881971603', '1974-01-26 20:54:55', '593.4371', 55, 'Inactiva');
INSERT INTO `cuentasBancarias` (`id`, `noCuenta`, `fechaApertura`, `saldoMXN`, `idCliente`, `estadoCuenta`) VALUES (56, '5292256551757819', '1970-05-01 10:31:54', '6341.6549', 56, 'Activa');
INSERT INTO `cuentasBancarias` (`id`, `noCuenta`, `fechaApertura`, `saldoMXN`, `idCliente`, `estadoCuenta`) VALUES (57, '5197433702850670', '1979-02-25 22:20:37', '41.7000', 57, 'Inactiva');
INSERT INTO `cuentasBancarias` (`id`, `noCuenta`, `fechaApertura`, `saldoMXN`, `idCliente`, `estadoCuenta`) VALUES (58, '4024007112528168', '2022-04-09 20:51:03', '9999.9999', 58, 'Inactiva');
INSERT INTO `cuentasBancarias` (`id`, `noCuenta`, `fechaApertura`, `saldoMXN`, `idCliente`, `estadoCuenta`) VALUES (59, '4711002945352451', '1987-05-27 15:39:36', '9999.9999', 59, 'Activa');
INSERT INTO `cuentasBancarias` (`id`, `noCuenta`, `fechaApertura`, `saldoMXN`, `idCliente`, `estadoCuenta`) VALUES (60, '4916789947595', '1986-10-09 07:41:31', '9999.9999', 60, 'Activa');
INSERT INTO `cuentasBancarias` (`id`, `noCuenta`, `fechaApertura`, `saldoMXN`, `idCliente`, `estadoCuenta`) VALUES (61, '5499191551602585', '1977-09-08 23:07:04', '9999.9999', 61, 'Inactiva');
INSERT INTO `cuentasBancarias` (`id`, `noCuenta`, `fechaApertura`, `saldoMXN`, `idCliente`, `estadoCuenta`) VALUES (62, '4024007190156', '1994-04-23 23:35:35', '0.0000', 62, 'Inactiva');
INSERT INTO `cuentasBancarias` (`id`, `noCuenta`, `fechaApertura`, `saldoMXN`, `idCliente`, `estadoCuenta`) VALUES (63, '5219158176054841', '1997-06-29 13:24:19', '372.4000', 63, 'Activa');
INSERT INTO `cuentasBancarias` (`id`, `noCuenta`, `fechaApertura`, `saldoMXN`, `idCliente`, `estadoCuenta`) VALUES (64, '4916393378356874', '1977-05-14 07:12:41', '9999.9999', 64, 'Activa');
INSERT INTO `cuentasBancarias` (`id`, `noCuenta`, `fechaApertura`, `saldoMXN`, `idCliente`, `estadoCuenta`) VALUES (65, '5437229958977728', '1996-02-06 23:57:11', '9999.9999', 65, 'Inactiva');
INSERT INTO `cuentasBancarias` (`id`, `noCuenta`, `fechaApertura`, `saldoMXN`, `idCliente`, `estadoCuenta`) VALUES (66, '4556263698291523', '1977-08-06 18:04:04', '9999.9999', 66, 'Inactiva');
INSERT INTO `cuentasBancarias` (`id`, `noCuenta`, `fechaApertura`, `saldoMXN`, `idCliente`, `estadoCuenta`) VALUES (67, '4916305004455', '2006-02-23 20:50:27', '9999.9999', 67, 'Activa');
INSERT INTO `cuentasBancarias` (`id`, `noCuenta`, `fechaApertura`, `saldoMXN`, `idCliente`, `estadoCuenta`) VALUES (68, '6011747018794763', '2007-06-02 18:27:17', '9999.9999', 68, 'Inactiva');
INSERT INTO `cuentasBancarias` (`id`, `noCuenta`, `fechaApertura`, `saldoMXN`, `idCliente`, `estadoCuenta`) VALUES (69, '4539357030627', '2005-02-03 02:59:22', '1.8064', 69, 'Inactiva');
INSERT INTO `cuentasBancarias` (`id`, `noCuenta`, `fechaApertura`, `saldoMXN`, `idCliente`, `estadoCuenta`) VALUES (70, '4716695998028031', '1984-11-10 00:52:12', '9999.9999', 70, 'Inactiva');
INSERT INTO `cuentasBancarias` (`id`, `noCuenta`, `fechaApertura`, `saldoMXN`, `idCliente`, `estadoCuenta`) VALUES (71, '4539161207445762', '2001-02-21 12:58:22', '9999.9999', 71, 'Activa');
INSERT INTO `cuentasBancarias` (`id`, `noCuenta`, `fechaApertura`, `saldoMXN`, `idCliente`, `estadoCuenta`) VALUES (72, '5466368183587185', '2010-05-03 10:23:43', '9999.9999', 72, 'Activa');
INSERT INTO `cuentasBancarias` (`id`, `noCuenta`, `fechaApertura`, `saldoMXN`, `idCliente`, `estadoCuenta`) VALUES (73, '5222789902067381', '1980-12-13 19:02:05', '9999.9999', 73, 'Activa');
INSERT INTO `cuentasBancarias` (`id`, `noCuenta`, `fechaApertura`, `saldoMXN`, `idCliente`, `estadoCuenta`) VALUES (74, '5402384358860147', '1975-06-27 15:59:37', '0.0000', 74, 'Activa');
INSERT INTO `cuentasBancarias` (`id`, `noCuenta`, `fechaApertura`, `saldoMXN`, `idCliente`, `estadoCuenta`) VALUES (75, '5410562826166274', '2002-08-11 01:08:17', '0.5100', 75, 'Activa');
INSERT INTO `cuentasBancarias` (`id`, `noCuenta`, `fechaApertura`, `saldoMXN`, `idCliente`, `estadoCuenta`) VALUES (76, '5494292809665682', '2015-04-28 08:27:18', '9999.9999', 76, 'Inactiva');
INSERT INTO `cuentasBancarias` (`id`, `noCuenta`, `fechaApertura`, `saldoMXN`, `idCliente`, `estadoCuenta`) VALUES (77, '5433339114307752', '1994-06-12 06:06:56', '0.0000', 77, 'Inactiva');
INSERT INTO `cuentasBancarias` (`id`, `noCuenta`, `fechaApertura`, `saldoMXN`, `idCliente`, `estadoCuenta`) VALUES (78, '5160168890175750', '1980-01-17 11:23:00', '9999.9999', 78, 'Inactiva');
INSERT INTO `cuentasBancarias` (`id`, `noCuenta`, `fechaApertura`, `saldoMXN`, `idCliente`, `estadoCuenta`) VALUES (79, '5560496878383960', '1991-11-16 06:44:30', '9999.9999', 79, 'Inactiva');
INSERT INTO `cuentasBancarias` (`id`, `noCuenta`, `fechaApertura`, `saldoMXN`, `idCliente`, `estadoCuenta`) VALUES (80, '5228774426408767', '2012-05-16 02:54:07', '396.4041', 80, 'Inactiva');
INSERT INTO `cuentasBancarias` (`id`, `noCuenta`, `fechaApertura`, `saldoMXN`, `idCliente`, `estadoCuenta`) VALUES (81, '5576141990595523', '1972-10-22 19:26:44', '0.0000', 81, 'Activa');
INSERT INTO `cuentasBancarias` (`id`, `noCuenta`, `fechaApertura`, `saldoMXN`, `idCliente`, `estadoCuenta`) VALUES (82, '5259704868164440', '1973-05-23 15:11:39', '9999.9999', 82, 'Inactiva');
INSERT INTO `cuentasBancarias` (`id`, `noCuenta`, `fechaApertura`, `saldoMXN`, `idCliente`, `estadoCuenta`) VALUES (83, '4024007111427155', '1972-12-28 11:02:37', '6580.8702', 83, 'Activa');
INSERT INTO `cuentasBancarias` (`id`, `noCuenta`, `fechaApertura`, `saldoMXN`, `idCliente`, `estadoCuenta`) VALUES (84, '4556256203246', '2007-03-08 16:06:11', '140.8000', 84, 'Inactiva');
INSERT INTO `cuentasBancarias` (`id`, `noCuenta`, `fechaApertura`, `saldoMXN`, `idCliente`, `estadoCuenta`) VALUES (85, '374914176786382', '2012-10-03 03:45:07', '9999.9999', 85, 'Activa');
INSERT INTO `cuentasBancarias` (`id`, `noCuenta`, `fechaApertura`, `saldoMXN`, `idCliente`, `estadoCuenta`) VALUES (86, '5157795703699741', '2001-01-16 17:14:38', '29.5067', 86, 'Inactiva');
INSERT INTO `cuentasBancarias` (`id`, `noCuenta`, `fechaApertura`, `saldoMXN`, `idCliente`, `estadoCuenta`) VALUES (87, '4024007142020935', '2013-08-13 13:41:00', '9999.9999', 87, 'Inactiva');
INSERT INTO `cuentasBancarias` (`id`, `noCuenta`, `fechaApertura`, `saldoMXN`, `idCliente`, `estadoCuenta`) VALUES (88, '5316773013258198', '2008-07-22 05:33:56', '9999.9999', 88, 'Inactiva');
INSERT INTO `cuentasBancarias` (`id`, `noCuenta`, `fechaApertura`, `saldoMXN`, `idCliente`, `estadoCuenta`) VALUES (89, '4161634038738966', '2021-09-11 22:44:56', '143.1668', 89, 'Inactiva');
INSERT INTO `cuentasBancarias` (`id`, `noCuenta`, `fechaApertura`, `saldoMXN`, `idCliente`, `estadoCuenta`) VALUES (90, '348651004540123', '2001-04-14 12:38:16', '0.1140', 90, 'Activa');
INSERT INTO `cuentasBancarias` (`id`, `noCuenta`, `fechaApertura`, `saldoMXN`, `idCliente`, `estadoCuenta`) VALUES (91, '4532869358737663', '1978-03-08 14:06:25', '1677.0000', 91, 'Inactiva');
INSERT INTO `cuentasBancarias` (`id`, `noCuenta`, `fechaApertura`, `saldoMXN`, `idCliente`, `estadoCuenta`) VALUES (92, '5298593297295802', '2000-10-01 12:32:23', '9999.9999', 92, 'Activa');
INSERT INTO `cuentasBancarias` (`id`, `noCuenta`, `fechaApertura`, `saldoMXN`, `idCliente`, `estadoCuenta`) VALUES (93, '5225869859093105', '1983-09-04 16:57:24', '9999.9999', 93, 'Activa');
INSERT INTO `cuentasBancarias` (`id`, `noCuenta`, `fechaApertura`, `saldoMXN`, `idCliente`, `estadoCuenta`) VALUES (94, '5559590121578545', '1976-11-11 01:30:50', '0.0000', 94, 'Activa');
INSERT INTO `cuentasBancarias` (`id`, `noCuenta`, `fechaApertura`, `saldoMXN`, `idCliente`, `estadoCuenta`) VALUES (95, '4929648641456', '2010-05-19 00:21:07', '9069.0000', 95, 'Inactiva');
INSERT INTO `cuentasBancarias` (`id`, `noCuenta`, `fechaApertura`, `saldoMXN`, `idCliente`, `estadoCuenta`) VALUES (96, '4916995804659', '1973-04-27 12:10:10', '4977.4210', 96, 'Activa');
INSERT INTO `cuentasBancarias` (`id`, `noCuenta`, `fechaApertura`, `saldoMXN`, `idCliente`, `estadoCuenta`) VALUES (97, '4147992368738300', '2018-03-20 20:45:40', '44.1236', 97, 'Activa');
INSERT INTO `cuentasBancarias` (`id`, `noCuenta`, `fechaApertura`, `saldoMXN`, `idCliente`, `estadoCuenta`) VALUES (98, '4716614904462704', '2012-08-26 06:24:44', '9999.9999', 98, 'Inactiva');
INSERT INTO `cuentasBancarias` (`id`, `noCuenta`, `fechaApertura`, `saldoMXN`, `idCliente`, `estadoCuenta`) VALUES (99, '5115287636157516', '1980-01-09 21:19:34', '9999.9999', 99, 'Activa');
INSERT INTO `cuentasBancarias` (`id`, `noCuenta`, `fechaApertura`, `saldoMXN`, `idCliente`, `estadoCuenta`) VALUES (100, '5195927857445829', '2012-05-07 16:43:48', '0.0000', 100, 'Activa');


#
# operaciones
#


INSERT INTO `operaciones` (`id`, `fechaHora`, `detalles`, `idCuentaBancaria`) VALUES (1, '1979-11-02 11:55:39', 'Vero ullam eum ut. Inventore id eum explicabo quibusdam ut ipsam autem. Voluptatem modi optio vero saepe fugiat voluptatem placeat.', 1);
INSERT INTO `operaciones` (`id`, `fechaHora`, `detalles`, `idCuentaBancaria`) VALUES (2, '1986-06-09 10:06:18', 'Adipisci vitae rerum quaerat aut. Enim facere est nobis aliquam omnis. Minus ab sapiente ut perferendis.', 2);
INSERT INTO `operaciones` (`id`, `fechaHora`, `detalles`, `idCuentaBancaria`) VALUES (3, '1984-05-12 05:16:14', 'Mollitia facere a dolor ea. Inventore placeat sed ad magnam est aut unde. Labore itaque ab necessitatibus voluptates amet. Cum illo neque atque nulla tenetur quasi in.', 3);
INSERT INTO `operaciones` (`id`, `fechaHora`, `detalles`, `idCuentaBancaria`) VALUES (4, '1975-03-28 02:00:06', 'Consequatur voluptate beatae sit accusamus minus ipsum deleniti. Aut animi et doloremque voluptas. Est qui error illo error. Esse quo eius inventore praesentium saepe rem et.', 4);
INSERT INTO `operaciones` (`id`, `fechaHora`, `detalles`, `idCuentaBancaria`) VALUES (5, '2010-03-21 20:11:14', 'In est commodi atque cumque harum quisquam. Distinctio magni doloremque commodi qui. Odio iste minus qui dolorum illum.', 5);
INSERT INTO `operaciones` (`id`, `fechaHora`, `detalles`, `idCuentaBancaria`) VALUES (6, '1996-12-28 05:49:48', 'Optio omnis veniam voluptas vel eaque voluptatem repellat. Aperiam aut est consequuntur ullam eligendi illum fugit. Beatae corporis itaque voluptatem sed libero quo. Quas ipsa voluptate nemo aut.', 6);
INSERT INTO `operaciones` (`id`, `fechaHora`, `detalles`, `idCuentaBancaria`) VALUES (7, '2013-06-07 08:14:35', 'Dolorem sapiente omnis corrupti exercitationem tenetur. Expedita deserunt nihil eligendi numquam rem labore. Totam molestiae porro nisi.', 7);
INSERT INTO `operaciones` (`id`, `fechaHora`, `detalles`, `idCuentaBancaria`) VALUES (8, '1979-09-17 23:04:56', 'Vel nulla asperiores ipsam voluptate esse aperiam. Non reprehenderit assumenda earum non quae temporibus sunt. Vel quo dicta ducimus nulla cupiditate. Quia ut voluptatem voluptas non eos amet.', 8);
INSERT INTO `operaciones` (`id`, `fechaHora`, `detalles`, `idCuentaBancaria`) VALUES (9, '2011-12-09 07:33:59', 'Inventore id et laudantium non deleniti molestiae. In et perferendis quo rerum quo maiores est. Molestiae id nisi a ut aliquam qui accusamus.', 9);
INSERT INTO `operaciones` (`id`, `fechaHora`, `detalles`, `idCuentaBancaria`) VALUES (10, '1981-07-16 21:11:25', 'Quia non reprehenderit voluptatem doloremque. Non provident vero eum dolor repellendus rerum officia. Dolore sed nam incidunt qui.', 10);
INSERT INTO `operaciones` (`id`, `fechaHora`, `detalles`, `idCuentaBancaria`) VALUES (11, '2002-01-30 17:55:27', 'In est suscipit itaque officia nobis qui. Earum sint aperiam sint enim architecto.', 11);
INSERT INTO `operaciones` (`id`, `fechaHora`, `detalles`, `idCuentaBancaria`) VALUES (12, '1998-05-26 09:27:07', 'Numquam vitae tempore perferendis esse voluptas consectetur quis omnis. Quis quia nobis harum modi voluptatum repudiandae vitae. Est sunt odio omnis. Quasi quia saepe voluptatem excepturi id.', 12);
INSERT INTO `operaciones` (`id`, `fechaHora`, `detalles`, `idCuentaBancaria`) VALUES (13, '2005-01-08 11:08:37', 'Pariatur soluta atque nihil temporibus autem. Non est suscipit non architecto dolor voluptas ea. Officiis quo aut sunt velit a.', 13);
INSERT INTO `operaciones` (`id`, `fechaHora`, `detalles`, `idCuentaBancaria`) VALUES (14, '1997-05-29 07:30:28', 'Aliquid nulla aspernatur vitae deserunt placeat in. Et facere eius quidem nulla quos nostrum fugit. Adipisci mollitia esse deserunt sunt. Sunt cumque excepturi eveniet quisquam rerum.', 14);
INSERT INTO `operaciones` (`id`, `fechaHora`, `detalles`, `idCuentaBancaria`) VALUES (15, '1971-07-09 06:10:53', 'Repellendus omnis quis magnam amet laudantium rem. Voluptatem voluptatem iure beatae aut sit eveniet voluptate. Quaerat est quo expedita repellendus quis nihil.', 15);
INSERT INTO `operaciones` (`id`, `fechaHora`, `detalles`, `idCuentaBancaria`) VALUES (16, '1976-06-20 18:31:46', 'Laboriosam illo perferendis aut et alias ut. Amet voluptatem nihil magnam. Sed ad eum reiciendis eaque.', 16);
INSERT INTO `operaciones` (`id`, `fechaHora`, `detalles`, `idCuentaBancaria`) VALUES (17, '2017-05-20 20:50:26', 'Ratione aspernatur libero et accusamus dolor. Corporis pariatur ut dolor libero quo expedita dignissimos. Quos debitis illum doloremque consequatur magni illo.', 17);
INSERT INTO `operaciones` (`id`, `fechaHora`, `detalles`, `idCuentaBancaria`) VALUES (18, '1989-07-06 19:44:17', 'Repellat iste ea nemo saepe deleniti eos voluptatibus. Ad rerum sit dolor et perspiciatis fugiat sunt. Sed quia et quae ipsum.', 18);
INSERT INTO `operaciones` (`id`, `fechaHora`, `detalles`, `idCuentaBancaria`) VALUES (19, '1972-06-03 14:36:48', 'Dicta unde modi qui ut laboriosam ea odio. Laudantium laboriosam modi placeat cum iure perspiciatis voluptatem tempora. Ducimus dolor sit atque deserunt tenetur explicabo molestiae.', 19);
INSERT INTO `operaciones` (`id`, `fechaHora`, `detalles`, `idCuentaBancaria`) VALUES (20, '1987-02-21 10:07:41', 'Sit est tempora odit facilis eius ut delectus. At repellat qui sit architecto consequatur. Impedit qui culpa saepe omnis. Consequatur delectus ab voluptatem tempore consequatur blanditiis delectus.', 20);
INSERT INTO `operaciones` (`id`, `fechaHora`, `detalles`, `idCuentaBancaria`) VALUES (21, '2009-03-30 13:05:43', 'Harum vitae nisi sed quas qui fuga quia odit. Et tempore aut libero nam dolor.\nEt est qui ut doloremque odit iusto mollitia consequatur. Recusandae qui est porro commodi. At repellat est deleniti.', 21);
INSERT INTO `operaciones` (`id`, `fechaHora`, `detalles`, `idCuentaBancaria`) VALUES (22, '1995-09-10 20:33:00', 'Voluptates labore sit maxime dolor. Accusantium quis qui nostrum necessitatibus. Corrupti necessitatibus ex nulla voluptate id. Fuga et eligendi laborum ratione velit voluptatum.', 22);
INSERT INTO `operaciones` (`id`, `fechaHora`, `detalles`, `idCuentaBancaria`) VALUES (23, '2009-06-20 09:44:04', 'Vero et labore nihil placeat ut. Omnis deleniti culpa sit omnis nostrum repudiandae doloribus blanditiis. Omnis similique quaerat sapiente nihil rerum.', 23);
INSERT INTO `operaciones` (`id`, `fechaHora`, `detalles`, `idCuentaBancaria`) VALUES (24, '1974-08-01 07:56:02', 'Modi mollitia nemo sapiente ipsa. Doloribus similique aut eos consequatur et rerum. Labore nobis sit ex earum quibusdam nisi amet dolor. Aspernatur ex ut consectetur aut occaecati.', 24);
INSERT INTO `operaciones` (`id`, `fechaHora`, `detalles`, `idCuentaBancaria`) VALUES (25, '2005-10-24 17:26:04', 'Cumque delectus vel est sint omnis atque ut. Inventore dolor quisquam doloribus. Dignissimos quae rerum cum ut est occaecati qui.', 25);
INSERT INTO `operaciones` (`id`, `fechaHora`, `detalles`, `idCuentaBancaria`) VALUES (26, '2006-06-09 13:52:59', 'Voluptatibus odit minus dolores quo et eos fugit. Labore in natus sapiente maiores hic dicta consequatur. Eum hic aut molestias et. Mollitia voluptatem impedit nihil corrupti fugiat ab ab omnis.', 26);
INSERT INTO `operaciones` (`id`, `fechaHora`, `detalles`, `idCuentaBancaria`) VALUES (27, '1991-05-14 01:56:59', 'Dolorum optio nulla enim et harum. Molestiae repellendus delectus non et eveniet est. Et minus amet porro hic neque in autem dolor.', 27);
INSERT INTO `operaciones` (`id`, `fechaHora`, `detalles`, `idCuentaBancaria`) VALUES (28, '2012-10-12 03:59:44', 'Voluptas dicta molestias provident voluptatem quia unde sapiente. Nostrum et eos fuga eos. Et minus fugiat est nisi.', 28);
INSERT INTO `operaciones` (`id`, `fechaHora`, `detalles`, `idCuentaBancaria`) VALUES (29, '1986-11-11 02:36:04', 'Aliquam eos molestias beatae sed unde ut suscipit. Ut at quasi magni. Sit voluptas minima suscipit ut. Iste optio enim possimus sit et saepe.', 29);
INSERT INTO `operaciones` (`id`, `fechaHora`, `detalles`, `idCuentaBancaria`) VALUES (30, '1978-12-18 09:01:55', 'Voluptatem dignissimos eaque consequuntur dolorem corrupti consequatur numquam. Et eum ea perferendis aut. Aut ad voluptatem ipsum iusto rerum perspiciatis aperiam. Sunt dignissimos provident et.', 30);
INSERT INTO `operaciones` (`id`, `fechaHora`, `detalles`, `idCuentaBancaria`) VALUES (31, '2002-06-17 22:28:45', 'Dolores odit voluptatem laborum in cum. Dolorem magni dolor ullam error. Necessitatibus est voluptatem voluptatibus dolorem modi qui placeat. Rem voluptas animi molestiae porro eos aliquid.', 31);
INSERT INTO `operaciones` (`id`, `fechaHora`, `detalles`, `idCuentaBancaria`) VALUES (32, '1970-11-25 22:00:16', 'Exercitationem enim doloribus iusto ratione atque. Sit mollitia animi ipsa quis ipsa earum quibusdam mollitia. Ratione sunt sunt exercitationem quae id laudantium et.', 32);
INSERT INTO `operaciones` (`id`, `fechaHora`, `detalles`, `idCuentaBancaria`) VALUES (33, '1974-12-29 03:32:53', 'Dolores praesentium minima aspernatur voluptas fuga voluptas omnis. Doloremque quia aut repellat illum nihil atque. Ipsam et aut quibusdam nemo. Ex voluptas ad vero vel similique quis.', 33);
INSERT INTO `operaciones` (`id`, `fechaHora`, `detalles`, `idCuentaBancaria`) VALUES (34, '2001-05-05 11:34:00', 'Enim sint minima numquam. Dolorem eum voluptate perspiciatis. Et tenetur eos cumque voluptatem ad dolor. Eum et quo quibusdam repellat reiciendis aliquam reiciendis.', 34);
INSERT INTO `operaciones` (`id`, `fechaHora`, `detalles`, `idCuentaBancaria`) VALUES (35, '1981-07-30 02:43:01', 'Praesentium alias nisi dignissimos est quidem. Quod incidunt et deserunt consequatur soluta nihil pariatur. Et ipsa eaque repellendus.', 35);
INSERT INTO `operaciones` (`id`, `fechaHora`, `detalles`, `idCuentaBancaria`) VALUES (36, '1994-06-24 11:23:56', 'Fugiat dolorem qui id ipsa esse est et. Cum et commodi nihil id dolore. Consectetur sed impedit ea vero temporibus.', 36);
INSERT INTO `operaciones` (`id`, `fechaHora`, `detalles`, `idCuentaBancaria`) VALUES (37, '1975-08-25 05:17:19', 'Sed necessitatibus enim minus ratione vel perspiciatis neque. Hic corporis ex asperiores ut aspernatur optio rerum.', 37);
INSERT INTO `operaciones` (`id`, `fechaHora`, `detalles`, `idCuentaBancaria`) VALUES (38, '1994-03-14 01:51:49', 'Sed nisi optio porro sed officiis maxime. Fugit voluptatibus eos praesentium. Expedita unde fugit molestias quia. Minus earum perspiciatis porro non. Praesentium eius nihil at quo.', 38);
INSERT INTO `operaciones` (`id`, `fechaHora`, `detalles`, `idCuentaBancaria`) VALUES (39, '2003-11-08 14:49:27', 'In consequatur voluptas perspiciatis quia omnis. Natus modi laudantium esse et. Non iure quo dolorem esse atque laudantium eum.', 39);
INSERT INTO `operaciones` (`id`, `fechaHora`, `detalles`, `idCuentaBancaria`) VALUES (40, '1977-05-17 15:30:47', 'Minima nemo et explicabo eius tempore. In quasi cumque sunt explicabo. Sed unde nihil ut reiciendis numquam fuga.', 40);
INSERT INTO `operaciones` (`id`, `fechaHora`, `detalles`, `idCuentaBancaria`) VALUES (41, '1990-04-07 09:33:01', 'Quod esse sit omnis et et dolor voluptas. Explicabo alias eveniet delectus in fuga quod perspiciatis. Aliquam dolorum et et numquam voluptatem placeat perferendis.', 41);
INSERT INTO `operaciones` (`id`, `fechaHora`, `detalles`, `idCuentaBancaria`) VALUES (42, '2003-04-07 23:59:52', 'Quos autem porro deserunt dolor nam modi. A repudiandae et quis et consequatur sed temporibus. Autem magni quo cum enim facere accusamus. Occaecati illum ut tenetur vitae labore et.', 42);
INSERT INTO `operaciones` (`id`, `fechaHora`, `detalles`, `idCuentaBancaria`) VALUES (43, '2005-04-20 17:07:02', 'Velit blanditiis dolorem et sunt quis eos debitis. Laboriosam et non reprehenderit itaque. Blanditiis sint iste eligendi est omnis id.', 43);
INSERT INTO `operaciones` (`id`, `fechaHora`, `detalles`, `idCuentaBancaria`) VALUES (44, '2001-06-20 12:13:54', 'Doloribus quam quis dicta tenetur rerum reprehenderit quo voluptas. Autem sed in nihil nulla qui modi.', 44);
INSERT INTO `operaciones` (`id`, `fechaHora`, `detalles`, `idCuentaBancaria`) VALUES (45, '1978-01-06 13:22:17', 'Aliquid ex ut facere ab modi tenetur voluptate nihil. Quia illo magnam sed et voluptas cupiditate. Sint et doloremque reiciendis.\nVoluptatem ut dolor qui nobis. Et ut aliquam id quidem.', 45);
INSERT INTO `operaciones` (`id`, `fechaHora`, `detalles`, `idCuentaBancaria`) VALUES (46, '1997-08-07 10:00:01', 'Voluptates rem temporibus tempora necessitatibus doloremque sit. Eligendi provident mollitia nisi rem ducimus. Quia at nemo numquam enim.', 46);
INSERT INTO `operaciones` (`id`, `fechaHora`, `detalles`, `idCuentaBancaria`) VALUES (47, '2008-05-16 13:51:14', 'Rerum quam blanditiis consequatur illo. Et voluptatem dolorem numquam error. Adipisci voluptas eos architecto ducimus. Aliquam odio quo earum quidem.', 47);
INSERT INTO `operaciones` (`id`, `fechaHora`, `detalles`, `idCuentaBancaria`) VALUES (48, '1974-07-04 06:21:40', 'Unde quo ut sint dolorem eos repellendus. Omnis alias qui pariatur rerum. Perferendis placeat dolore nobis ut error. Est odit adipisci aut. Amet placeat quia explicabo et itaque nobis dolorem.', 48);
INSERT INTO `operaciones` (`id`, `fechaHora`, `detalles`, `idCuentaBancaria`) VALUES (49, '1991-07-06 00:41:51', 'Ea quia sequi quis perspiciatis. Praesentium aut sequi numquam quisquam voluptate sit. Consequatur aut cum amet beatae nostrum voluptatibus quis. Ut maiores aliquam vel autem non rerum est sint.', 49);
INSERT INTO `operaciones` (`id`, `fechaHora`, `detalles`, `idCuentaBancaria`) VALUES (50, '1979-05-29 08:21:36', 'Atque eligendi non modi a porro rem quam adipisci. Quibusdam voluptatibus ducimus illum possimus ipsum. Autem exercitationem voluptas voluptas enim expedita. Nihil ut velit asperiores beatae.', 50);
INSERT INTO `operaciones` (`id`, `fechaHora`, `detalles`, `idCuentaBancaria`) VALUES (51, '1974-09-01 04:30:38', 'Qui eum quisquam dicta enim. Dolorem et autem alias et. Atque asperiores et voluptatum consequatur ea doloribus officiis aut.', 51);
INSERT INTO `operaciones` (`id`, `fechaHora`, `detalles`, `idCuentaBancaria`) VALUES (52, '1974-06-07 01:03:25', 'Voluptatibus suscipit odio dicta et odit error. Deleniti ex consequatur atque porro voluptatibus. Totam ut in ea suscipit vel voluptatem quae. Nisi tenetur dolores consequatur veniam.', 52);
INSERT INTO `operaciones` (`id`, `fechaHora`, `detalles`, `idCuentaBancaria`) VALUES (53, '1991-05-10 21:11:02', 'Commodi voluptate voluptatem vel dolorum eum temporibus qui. Autem quam enim et ducimus. Quia ut exercitationem sapiente aut eos. Et rerum non beatae sed.', 53);
INSERT INTO `operaciones` (`id`, `fechaHora`, `detalles`, `idCuentaBancaria`) VALUES (54, '1976-05-09 21:07:13', 'Modi nostrum minima facilis id suscipit doloremque ut. Distinctio nostrum repellat autem soluta ipsa. Debitis fuga consequatur veritatis eaque sunt.', 54);
INSERT INTO `operaciones` (`id`, `fechaHora`, `detalles`, `idCuentaBancaria`) VALUES (55, '2009-04-09 08:15:50', 'Odio maxime pariatur aut enim et ullam. Nulla eum illo accusantium odit pariatur. Nihil saepe iusto velit dolorum enim enim qui. Consequatur voluptas odit fugiat tempore.', 55);
INSERT INTO `operaciones` (`id`, `fechaHora`, `detalles`, `idCuentaBancaria`) VALUES (56, '1986-07-04 11:26:57', 'Voluptas beatae quo quam iusto deleniti totam laboriosam. Nostrum itaque neque id ducimus rerum voluptate quia.', 56);
INSERT INTO `operaciones` (`id`, `fechaHora`, `detalles`, `idCuentaBancaria`) VALUES (57, '1983-02-08 19:55:54', 'Enim deserunt quia saepe dolore consequatur. Rem assumenda voluptatem earum molestiae. Quae exercitationem est numquam atque mollitia.', 57);
INSERT INTO `operaciones` (`id`, `fechaHora`, `detalles`, `idCuentaBancaria`) VALUES (58, '2004-05-20 16:21:18', 'Iste consequuntur id aliquam consequuntur vitae. Veritatis et qui doloremque ad eius rerum. Repellat eos ea ad quia sit sed.', 58);
INSERT INTO `operaciones` (`id`, `fechaHora`, `detalles`, `idCuentaBancaria`) VALUES (59, '2020-02-17 07:03:00', 'Ea placeat id velit est. Enim sed est cum aperiam quasi dicta. Necessitatibus et rerum debitis neque error iste eius. Neque reiciendis dolorem quia eveniet et.', 59);
INSERT INTO `operaciones` (`id`, `fechaHora`, `detalles`, `idCuentaBancaria`) VALUES (60, '1990-11-29 17:13:06', 'Qui voluptatibus debitis ea sit vero. Facilis possimus esse fugiat eos ut sed cumque est. Possimus nihil numquam non illo rerum nulla at. Eos ut saepe aut tempore sed. Sed officia omnis nihil fugit.', 60);
INSERT INTO `operaciones` (`id`, `fechaHora`, `detalles`, `idCuentaBancaria`) VALUES (61, '2001-04-10 19:23:54', 'Veniam consequatur et maxime nam possimus omnis. Non non maiores consequatur error molestiae est. Enim cum debitis non quis ullam fuga eos. Eius sint nisi possimus officiis iure quisquam.', 61);
INSERT INTO `operaciones` (`id`, `fechaHora`, `detalles`, `idCuentaBancaria`) VALUES (62, '1999-02-21 16:04:42', 'Nemo laborum voluptas voluptatem architecto sit ea. Eos alias aliquid dolor. Sequi facilis et fuga delectus in atque. Vitae et hic numquam officia.', 62);
INSERT INTO `operaciones` (`id`, `fechaHora`, `detalles`, `idCuentaBancaria`) VALUES (63, '1997-09-22 20:10:14', 'Amet quia odit fugit omnis et. Consectetur necessitatibus magni suscipit omnis et commodi. Nemo suscipit quis ea atque recusandae.', 63);
INSERT INTO `operaciones` (`id`, `fechaHora`, `detalles`, `idCuentaBancaria`) VALUES (64, '1971-11-08 03:16:56', 'Qui deleniti autem similique qui esse ullam cumque. Quasi ratione facilis cumque nisi. In quia dolorem voluptatem delectus. Minima ab totam non sint dolor aliquam esse.', 64);
INSERT INTO `operaciones` (`id`, `fechaHora`, `detalles`, `idCuentaBancaria`) VALUES (65, '1981-02-06 06:56:03', 'Ipsa libero est perferendis quae minima enim. Magnam omnis illum dolores saepe nihil tempore voluptatum. Eveniet modi aut sunt et repudiandae quaerat explicabo. Praesentium enim officia omnis dolor.', 65);
INSERT INTO `operaciones` (`id`, `fechaHora`, `detalles`, `idCuentaBancaria`) VALUES (66, '1981-01-02 15:16:09', 'Doloremque quas laborum dolorum qui labore. Iste quo consectetur iure. Nisi enim quas nihil asperiores molestiae. Esse eos illo enim aperiam rem sit.', 66);
INSERT INTO `operaciones` (`id`, `fechaHora`, `detalles`, `idCuentaBancaria`) VALUES (67, '2005-05-20 02:19:32', 'Et rerum veniam corporis accusantium recusandae est. Aperiam fugit laudantium ea magnam. Quae consequatur ad quas culpa accusamus mollitia. Praesentium fugit itaque sed.', 67);
INSERT INTO `operaciones` (`id`, `fechaHora`, `detalles`, `idCuentaBancaria`) VALUES (68, '2016-10-17 11:35:03', 'Veniam quam non natus nihil debitis sapiente itaque. Voluptatum odio debitis quis voluptate quia occaecati ut animi. Velit nisi aperiam qui itaque. Quas rerum fuga incidunt accusantium.', 68);
INSERT INTO `operaciones` (`id`, `fechaHora`, `detalles`, `idCuentaBancaria`) VALUES (69, '1990-05-05 02:30:56', 'Aut quia blanditiis vel et commodi facilis. Aut ut veritatis accusamus. Ut ut perspiciatis fugit dignissimos. Voluptatem illum quia et.', 69);
INSERT INTO `operaciones` (`id`, `fechaHora`, `detalles`, `idCuentaBancaria`) VALUES (70, '1971-01-09 11:54:58', 'Qui est quis totam laboriosam. Natus maxime autem adipisci suscipit occaecati rem.', 70);
INSERT INTO `operaciones` (`id`, `fechaHora`, `detalles`, `idCuentaBancaria`) VALUES (71, '2000-03-22 04:21:43', 'Et ut aut optio eum accusantium rerum tempora nam. Vitae officiis fuga distinctio qui alias.', 71);
INSERT INTO `operaciones` (`id`, `fechaHora`, `detalles`, `idCuentaBancaria`) VALUES (72, '2009-11-20 01:02:19', 'Eos eius quae aliquid eum. Aliquam voluptas repellendus eos. Recusandae quos sunt quod quas molestias et exercitationem dolorem.', 72);
INSERT INTO `operaciones` (`id`, `fechaHora`, `detalles`, `idCuentaBancaria`) VALUES (73, '1983-12-20 08:54:23', 'Sequi distinctio ab id. Dolor animi illo sit ratione omnis corporis fuga. Occaecati dolores cupiditate ut et esse autem molestiae ut.', 73);
INSERT INTO `operaciones` (`id`, `fechaHora`, `detalles`, `idCuentaBancaria`) VALUES (74, '1970-10-31 08:53:35', 'Ipsam aspernatur delectus excepturi non est. Eligendi eius reprehenderit unde sit. Ex ullam aut architecto culpa quibusdam inventore recusandae.', 74);
INSERT INTO `operaciones` (`id`, `fechaHora`, `detalles`, `idCuentaBancaria`) VALUES (75, '2019-01-11 09:45:35', 'Quod ea vero a. Sequi quo praesentium in atque. Perspiciatis incidunt eum illo consequatur ab autem cumque. Temporibus adipisci sit dolores similique voluptas porro et.', 75);
INSERT INTO `operaciones` (`id`, `fechaHora`, `detalles`, `idCuentaBancaria`) VALUES (76, '1974-05-20 23:38:02', 'Ullam qui aliquid placeat aut aut suscipit maiores. Assumenda mollitia error autem porro. Quidem quam neque expedita odio dolor. Itaque voluptatibus itaque ea iusto ipsa quis.', 76);
INSERT INTO `operaciones` (`id`, `fechaHora`, `detalles`, `idCuentaBancaria`) VALUES (77, '1996-06-01 12:23:18', 'Excepturi fugit velit iure quasi voluptas. Magni ea sequi ut aliquid. Vel qui non consequatur.', 77);
INSERT INTO `operaciones` (`id`, `fechaHora`, `detalles`, `idCuentaBancaria`) VALUES (78, '1987-03-20 04:01:56', 'Omnis explicabo quos aliquam quod. Dolores autem neque ad quibusdam eum magni qui. Excepturi saepe tempore enim. Autem dolores aliquam dolor corrupti aut voluptatibus placeat adipisci.', 78);
INSERT INTO `operaciones` (`id`, `fechaHora`, `detalles`, `idCuentaBancaria`) VALUES (79, '2003-07-14 21:53:44', 'Et est odit aliquid et illum amet quos. Maxime possimus ea tenetur praesentium tempore sit. Et amet officiis aliquam ea quo.', 79);
INSERT INTO `operaciones` (`id`, `fechaHora`, `detalles`, `idCuentaBancaria`) VALUES (80, '1988-03-29 13:58:50', 'Ratione quo accusantium voluptas pariatur ut atque quae. Consectetur ullam debitis vero facilis tenetur nemo. Quia quo sint tempore laborum. Id aut deserunt architecto qui tempora iusto.', 80);
INSERT INTO `operaciones` (`id`, `fechaHora`, `detalles`, `idCuentaBancaria`) VALUES (81, '2009-04-26 18:52:51', 'Est aut autem qui. Aut neque dolores voluptatem distinctio eaque consequatur.', 81);
INSERT INTO `operaciones` (`id`, `fechaHora`, `detalles`, `idCuentaBancaria`) VALUES (82, '2011-05-17 18:47:21', 'Qui rerum tenetur beatae. Error sequi eum velit repudiandae quos provident facilis voluptas. Quisquam distinctio molestiae nemo corporis unde sit sed. Qui non corporis beatae fugit voluptas.', 82);
INSERT INTO `operaciones` (`id`, `fechaHora`, `detalles`, `idCuentaBancaria`) VALUES (83, '1998-03-23 11:02:35', 'Et possimus dolore harum est doloremque perferendis sit. Omnis et quidem eaque consectetur. Assumenda dolores beatae et dignissimos dignissimos. Et cum impedit et perferendis vero delectus enim.', 83);
INSERT INTO `operaciones` (`id`, `fechaHora`, `detalles`, `idCuentaBancaria`) VALUES (84, '2002-11-28 02:53:32', 'Asperiores dolorum optio officia nihil quia dignissimos rem. In omnis temporibus consequatur ullam similique dolores adipisci. Et quo rerum nobis et consequatur.', 84);
INSERT INTO `operaciones` (`id`, `fechaHora`, `detalles`, `idCuentaBancaria`) VALUES (85, '2016-05-03 14:47:59', 'Aut consectetur deleniti maiores. Vero numquam ab mollitia neque omnis. Qui nulla laborum voluptas consequatur at ipsum. Reiciendis voluptas accusamus quam ab reprehenderit.', 85);
INSERT INTO `operaciones` (`id`, `fechaHora`, `detalles`, `idCuentaBancaria`) VALUES (86, '1991-02-22 14:07:29', 'Illo corporis harum alias dolores consequatur aut. Modi dolorem et quia modi est voluptas. Sapiente in cumque dolores est accusamus labore. Illo blanditiis sed aut id.', 86);
INSERT INTO `operaciones` (`id`, `fechaHora`, `detalles`, `idCuentaBancaria`) VALUES (87, '1980-12-06 00:42:20', 'Impedit omnis sint quidem repudiandae. Corrupti laboriosam iusto dolores quae est nisi. Tempore accusamus suscipit et.', 87);
INSERT INTO `operaciones` (`id`, `fechaHora`, `detalles`, `idCuentaBancaria`) VALUES (88, '2016-04-16 08:02:41', 'Dolore ducimus facilis asperiores iste vel itaque consequatur. Provident repellat sequi quisquam non cum. Veniam maxime eum iste. Aut vel temporibus ratione.', 88);
INSERT INTO `operaciones` (`id`, `fechaHora`, `detalles`, `idCuentaBancaria`) VALUES (89, '1992-10-19 11:32:02', 'Necessitatibus sit sint rem eum cum libero. Beatae quaerat est velit ratione accusantium quaerat nobis. Recusandae laborum reiciendis quia maxime qui cum beatae.', 89);
INSERT INTO `operaciones` (`id`, `fechaHora`, `detalles`, `idCuentaBancaria`) VALUES (90, '2010-06-16 09:50:43', 'Dolorem quo fugiat eum consequatur rem voluptate velit dolores. Id ut voluptatibus eius eos praesentium. Illum similique in consequuntur aut quisquam veniam error.', 90);
INSERT INTO `operaciones` (`id`, `fechaHora`, `detalles`, `idCuentaBancaria`) VALUES (91, '1975-04-29 20:15:28', 'Sit qui quia temporibus earum magnam officia sed dignissimos. Dolores ex ut ut minus. Excepturi ea est molestiae.', 91);
INSERT INTO `operaciones` (`id`, `fechaHora`, `detalles`, `idCuentaBancaria`) VALUES (92, '1994-08-26 01:18:20', 'Consequuntur vero placeat qui. Rerum est magni vel est. Ut pariatur sint rerum ea enim omnis quia in. Fuga inventore natus quia sunt enim provident.', 92);
INSERT INTO `operaciones` (`id`, `fechaHora`, `detalles`, `idCuentaBancaria`) VALUES (93, '1974-07-09 02:55:59', 'Aliquam voluptates voluptatem magnam. Soluta enim error occaecati ex molestiae facere ut tempore. Ullam velit repudiandae quam libero impedit illo.', 93);
INSERT INTO `operaciones` (`id`, `fechaHora`, `detalles`, `idCuentaBancaria`) VALUES (94, '2012-12-21 23:45:09', 'Debitis sint ut et porro neque maxime aut. Error est est officia consequatur sunt. Sapiente beatae eaque dolorem recusandae.', 94);
INSERT INTO `operaciones` (`id`, `fechaHora`, `detalles`, `idCuentaBancaria`) VALUES (95, '1990-03-19 10:01:54', 'Aut autem saepe laudantium ab quidem qui. Rerum ut aspernatur et ut. Qui eos impedit velit fuga sed esse. Nam voluptatem soluta enim enim veritatis quae eligendi.', 95);
INSERT INTO `operaciones` (`id`, `fechaHora`, `detalles`, `idCuentaBancaria`) VALUES (96, '1995-08-21 03:43:37', 'Maiores et aut non cum. Ex nisi ut explicabo in. Voluptatem dicta et itaque. Sint omnis ipsum earum nam beatae ex suscipit.', 96);
INSERT INTO `operaciones` (`id`, `fechaHora`, `detalles`, `idCuentaBancaria`) VALUES (97, '1993-04-21 13:52:58', 'Et voluptas quae praesentium velit exercitationem nulla consectetur. Qui culpa quia explicabo occaecati sit accusantium quos. Doloribus tempora perferendis dolores inventore.', 97);
INSERT INTO `operaciones` (`id`, `fechaHora`, `detalles`, `idCuentaBancaria`) VALUES (98, '1981-03-17 06:49:52', 'Omnis consequatur vel aliquid qui molestias quae voluptates. Sint voluptas quidem unde accusantium. In facilis aut facilis qui illo magnam.', 98);
INSERT INTO `operaciones` (`id`, `fechaHora`, `detalles`, `idCuentaBancaria`) VALUES (99, '2015-06-21 23:25:54', 'Fugit est doloremque ut veritatis impedit repudiandae. Aut sint eligendi sed quis sunt quo. Ut hic omnis quam quasi maiores. Ut vero dolores rerum illum voluptatibus nobis.', 99);
INSERT INTO `operaciones` (`id`, `fechaHora`, `detalles`, `idCuentaBancaria`) VALUES (100, '2000-07-29 04:11:11', 'Corrupti omnis illum aut non doloremque. Eaque pariatur qui necessitatibus quo est odio et. Voluptates dolores ducimus ut et laboriosam modi. Ut et explicabo iste odit.', 100);


#
# retirosSinCuenta
#

INSERT INTO `retirosSinCuenta` (`id`, `password`, `monto`, `folio`, `Estado`, `fechaInicio`, `fechaFin`, `idCuentaBancaria`) VALUES (1, '3f360116413461c64a5856cc0a986d99afee2941', '9999.9999', '378297986408075', 'Cobrado', '1993-04-28 05:48:32', '1977-04-17 05:29:28', 1);
INSERT INTO `retirosSinCuenta` (`id`, `password`, `monto`, `folio`, `Estado`, `fechaInicio`, `fechaFin`, `idCuentaBancaria`) VALUES (2, '4b5c7834d2836b31ad17ed08ea38ea50c09a6e89', '9999.9999', '5173153473864463', 'Cobrado', '1988-12-28 08:19:49', '1986-12-31 16:48:32', 2);
INSERT INTO `retirosSinCuenta` (`id`, `password`, `monto`, `folio`, `Estado`, `fechaInicio`, `fechaFin`, `idCuentaBancaria`) VALUES (3, 'b544c31d50d221192c02b777f11580a579cc51aa', '334.8096', '5122178934124234', 'Pendiente', '1978-02-15 08:48:59', '2006-05-17 00:09:23', 3);
INSERT INTO `retirosSinCuenta` (`id`, `password`, `monto`, `folio`, `Estado`, `fechaInicio`, `fechaFin`, `idCuentaBancaria`) VALUES (4, '395ff2fc8f24246cb14ff54f338c3755a67f71a5', '4.0000', '5555536638793612', 'Pendiente', '2016-12-18 01:51:23', '1980-03-31 04:11:36', 4);
INSERT INTO `retirosSinCuenta` (`id`, `password`, `monto`, `folio`, `Estado`, `fechaInicio`, `fechaFin`, `idCuentaBancaria`) VALUES (5, 'bd64d107db7e3abb5b7f2609cb5f1516bc1a8bc8', '9999.9999', '4539296834588', 'Pendiente', '2007-03-03 11:37:00', '1977-03-31 18:28:34', 5);
INSERT INTO `retirosSinCuenta` (`id`, `password`, `monto`, `folio`, `Estado`, `fechaInicio`, `fechaFin`, `idCuentaBancaria`) VALUES (6, '53ae5e6fea6d26d91e17911ce767015304fae377', '9999.9999', '4929355313217214', 'Pendiente', '1995-05-05 21:30:45', '1976-09-07 03:17:50', 6);
INSERT INTO `retirosSinCuenta` (`id`, `password`, `monto`, `folio`, `Estado`, `fechaInicio`, `fechaFin`, `idCuentaBancaria`) VALUES (7, '1cd56ce9cda4be3610c24a02bea516190b90e412', '9999.9999', '6011309082894459', 'Pendiente', '2008-08-15 04:28:58', '2019-06-21 05:01:21', 7);
INSERT INTO `retirosSinCuenta` (`id`, `password`, `monto`, `folio`, `Estado`, `fechaInicio`, `fechaFin`, `idCuentaBancaria`) VALUES (8, '78acc3b63d0b416dc20aef88239d8655264cae96', '9999.9999', '4916078192319138', 'Cobrado', '1982-09-10 07:45:14', '2002-04-26 12:47:26', 8);
INSERT INTO `retirosSinCuenta` (`id`, `password`, `monto`, `folio`, `Estado`, `fechaInicio`, `fechaFin`, `idCuentaBancaria`) VALUES (9, '9df6b9376aedd773087716469577555d6137fc40', '9999.9999', '4532656252592456', 'Cobrado', '1994-09-03 23:29:28', '2001-09-13 13:27:07', 9);
INSERT INTO `retirosSinCuenta` (`id`, `password`, `monto`, `folio`, `Estado`, `fechaInicio`, `fechaFin`, `idCuentaBancaria`) VALUES (10, '892858b4494eb042508590128605e7205518aa87', '9999.9999', '5308538578072482', 'Pendiente', '1995-03-30 08:24:53', '2008-05-30 20:17:58', 10);
INSERT INTO `retirosSinCuenta` (`id`, `password`, `monto`, `folio`, `Estado`, `fechaInicio`, `fechaFin`, `idCuentaBancaria`) VALUES (11, '367b412368203a43912d257e85cb69f1028d6bb3', '67.0785', '6011060463338543', 'Cobrado', '2016-08-18 23:19:26', '2003-02-15 08:53:30', 11);
INSERT INTO `retirosSinCuenta` (`id`, `password`, `monto`, `folio`, `Estado`, `fechaInicio`, `fechaFin`, `idCuentaBancaria`) VALUES (12, 'c2a36ef967f5feadcc69ee614740e234710f1d8d', '143.4297', '4539002003799412', 'Cobrado', '2023-01-04 18:19:54', '1984-07-15 05:30:09', 12);
INSERT INTO `retirosSinCuenta` (`id`, `password`, `monto`, `folio`, `Estado`, `fechaInicio`, `fechaFin`, `idCuentaBancaria`) VALUES (13, '0471d76eab6ee1368c00d25702312c2d8fc6ff35', '3073.8240', '4716404082333', 'Cobrado', '1989-10-22 02:44:32', '1978-01-16 04:42:43', 13);
INSERT INTO `retirosSinCuenta` (`id`, `password`, `monto`, `folio`, `Estado`, `fechaInicio`, `fechaFin`, `idCuentaBancaria`) VALUES (14, '9d0fe8f6f4dfcb4be416d69d2e90d976d539086a', '9999.9999', '379687774079482', 'Pendiente', '1995-11-13 00:53:03', '2013-03-26 12:05:45', 14);
INSERT INTO `retirosSinCuenta` (`id`, `password`, `monto`, `folio`, `Estado`, `fechaInicio`, `fechaFin`, `idCuentaBancaria`) VALUES (15, 'a9bc81612d3761d4f578da68a120c434367860c7', '23.2452', '4916847748116810', 'Cobrado', '2013-04-02 15:50:39', '2018-09-15 01:07:35', 15);
INSERT INTO `retirosSinCuenta` (`id`, `password`, `monto`, `folio`, `Estado`, `fechaInicio`, `fechaFin`, `idCuentaBancaria`) VALUES (16, 'bf79c55bfd3b05e65ce2259e781e341f5fc8a9de', '5.0000', '5496060227334138', 'Pendiente', '2023-01-29 14:54:05', '1996-12-08 23:11:20', 16);
INSERT INTO `retirosSinCuenta` (`id`, `password`, `monto`, `folio`, `Estado`, `fechaInicio`, `fechaFin`, `idCuentaBancaria`) VALUES (17, 'bd3131b7b950c80fc5a659827539e5d2d91e2481', '17.0850', '5325021598177335', 'Cobrado', '1970-05-23 17:37:25', '2015-12-24 18:19:12', 17);
INSERT INTO `retirosSinCuenta` (`id`, `password`, `monto`, `folio`, `Estado`, `fechaInicio`, `fechaFin`, `idCuentaBancaria`) VALUES (18, 'da850c767854dc84c4c66509fde66b7caa7ad896', '73.0638', '5258812627164087', 'Cobrado', '2012-02-10 02:33:44', '2001-04-10 23:34:52', 18);
INSERT INTO `retirosSinCuenta` (`id`, `password`, `monto`, `folio`, `Estado`, `fechaInicio`, `fechaFin`, `idCuentaBancaria`) VALUES (19, '2464d169b7f9112457c4330c24206333ff2187c4', '340.7849', '5271760434791946', 'Pendiente', '2000-11-01 10:54:18', '1971-07-07 01:45:18', 19);
INSERT INTO `retirosSinCuenta` (`id`, `password`, `monto`, `folio`, `Estado`, `fechaInicio`, `fechaFin`, `idCuentaBancaria`) VALUES (20, 'ef68a8ff4ddcf92fd212fd64f9ba4059bdc3a543', '9999.9999', '4929290741312000', 'Cobrado', '1973-05-09 18:19:57', '2010-06-13 13:14:02', 20);
INSERT INTO `retirosSinCuenta` (`id`, `password`, `monto`, `folio`, `Estado`, `fechaInicio`, `fechaFin`, `idCuentaBancaria`) VALUES (21, '102679c3a78bbd5bb998a981008d2aba75fc7740', '9999.9999', '5326930612478722', 'Cobrado', '2016-10-20 03:28:53', '2016-12-26 00:02:17', 21);
INSERT INTO `retirosSinCuenta` (`id`, `password`, `monto`, `folio`, `Estado`, `fechaInicio`, `fechaFin`, `idCuentaBancaria`) VALUES (22, '109bfc75c22f24aacad1cf0d2f09d2d68850c925', '54.0000', '348654922888124', 'Cobrado', '1993-03-29 19:45:50', '2010-07-22 06:38:58', 22);
INSERT INTO `retirosSinCuenta` (`id`, `password`, `monto`, `folio`, `Estado`, `fechaInicio`, `fechaFin`, `idCuentaBancaria`) VALUES (23, '20cf9409d1593041d803e380c64adc6bfa0708e5', '9999.9999', '5566178205500101', 'Pendiente', '2006-12-27 18:41:06', '1971-09-17 21:56:13', 23);
INSERT INTO `retirosSinCuenta` (`id`, `password`, `monto`, `folio`, `Estado`, `fechaInicio`, `fechaFin`, `idCuentaBancaria`) VALUES (24, '50b09cdf3df77300b092d70157139c8d6254fc36', '9999.9999', '4024007157712247', 'Cobrado', '1982-02-24 16:11:21', '1987-12-21 05:29:55', 24);
INSERT INTO `retirosSinCuenta` (`id`, `password`, `monto`, `folio`, `Estado`, `fechaInicio`, `fechaFin`, `idCuentaBancaria`) VALUES (25, '5597b845a32c7a585d3582302e9974972b384330', '81.2617', '4747237667273', 'Pendiente', '2012-08-23 10:51:52', '1979-08-01 22:54:23', 25);
INSERT INTO `retirosSinCuenta` (`id`, `password`, `monto`, `folio`, `Estado`, `fechaInicio`, `fechaFin`, `idCuentaBancaria`) VALUES (26, '0f058743980d208fcf8cece873e920a513616800', '2035.8559', '374516205475814', 'Pendiente', '2017-11-05 09:12:59', '1998-11-05 21:31:48', 26);
INSERT INTO `retirosSinCuenta` (`id`, `password`, `monto`, `folio`, `Estado`, `fechaInicio`, `fechaFin`, `idCuentaBancaria`) VALUES (27, 'b53462ccedd2f7f0227608486240512b4f77b3f5', '9999.9999', '4916101551616', 'Pendiente', '2007-03-19 00:39:19', '2009-10-11 03:08:00', 27);
INSERT INTO `retirosSinCuenta` (`id`, `password`, `monto`, `folio`, `Estado`, `fechaInicio`, `fechaFin`, `idCuentaBancaria`) VALUES (28, 'defd7e4e51f57aaa6dcf55641a2562cce5f5f0ec', '9999.9999', '5456786407270804', 'Pendiente', '2001-04-04 13:26:54', '1974-09-05 04:50:39', 28);
INSERT INTO `retirosSinCuenta` (`id`, `password`, `monto`, `folio`, `Estado`, `fechaInicio`, `fechaFin`, `idCuentaBancaria`) VALUES (29, '20f1d55926cf090964d478d1c3f0a0c3ce2c4ce2', '1693.0000', '5159759044462743', 'Cobrado', '2011-05-22 11:54:50', '1993-06-06 16:46:17', 29);
INSERT INTO `retirosSinCuenta` (`id`, `password`, `monto`, `folio`, `Estado`, `fechaInicio`, `fechaFin`, `idCuentaBancaria`) VALUES (30, '625d3dc77961d3fa1dba36bfd3fdab9f652fcad5', '9999.9999', '4539713204490', 'Pendiente', '2010-11-03 00:00:51', '1990-05-13 23:10:16', 30);
INSERT INTO `retirosSinCuenta` (`id`, `password`, `monto`, `folio`, `Estado`, `fechaInicio`, `fechaFin`, `idCuentaBancaria`) VALUES (31, '18adb3f4039b3813a7d96ca713db614a8525af4f', '221.6316', '5543331976684536', 'Pendiente', '2001-07-09 10:14:43', '1990-12-27 18:39:40', 31);
INSERT INTO `retirosSinCuenta` (`id`, `password`, `monto`, `folio`, `Estado`, `fechaInicio`, `fechaFin`, `idCuentaBancaria`) VALUES (32, '6deee88858d0ece065e89a721df09b3cc07f33f0', '9999.9999', '4929036648921782', 'Pendiente', '1996-02-22 17:38:04', '2019-06-12 09:44:40', 32);
INSERT INTO `retirosSinCuenta` (`id`, `password`, `monto`, `folio`, `Estado`, `fechaInicio`, `fechaFin`, `idCuentaBancaria`) VALUES (33, '2b1a02571f2e574a6758b832bec32a3f04acb8e7', '9999.9999', '5143750534179349', 'Cobrado', '1992-06-08 00:14:30', '2002-02-07 03:29:35', 33);
INSERT INTO `retirosSinCuenta` (`id`, `password`, `monto`, `folio`, `Estado`, `fechaInicio`, `fechaFin`, `idCuentaBancaria`) VALUES (34, '99cf561c192ad06514a618e238fbc92c2413af31', '4631.0000', '5342736886289065', 'Pendiente', '1972-04-28 22:38:18', '1991-02-17 15:20:06', 34);
INSERT INTO `retirosSinCuenta` (`id`, `password`, `monto`, `folio`, `Estado`, `fechaInicio`, `fechaFin`, `idCuentaBancaria`) VALUES (35, '9ea59f74685a2710e7f5c64317853d372c20f668', '331.0000', '349873193472461', 'Cobrado', '2002-05-05 01:14:42', '1994-11-12 08:06:41', 35);
INSERT INTO `retirosSinCuenta` (`id`, `password`, `monto`, `folio`, `Estado`, `fechaInicio`, `fechaFin`, `idCuentaBancaria`) VALUES (36, 'b3c9f099ff94cb90e375566c8e1fa8d564f76996', '9999.9999', '5568810172562247', 'Pendiente', '1997-04-15 08:20:21', '1985-02-17 22:20:56', 36);
INSERT INTO `retirosSinCuenta` (`id`, `password`, `monto`, `folio`, `Estado`, `fechaInicio`, `fechaFin`, `idCuentaBancaria`) VALUES (37, '94422cf41d9f7beb2eaa4a6c52a38cbaf6345e02', '9999.9999', '5358672115597724', 'Cobrado', '1978-10-27 06:43:56', '1988-11-20 17:43:57', 37);
INSERT INTO `retirosSinCuenta` (`id`, `password`, `monto`, `folio`, `Estado`, `fechaInicio`, `fechaFin`, `idCuentaBancaria`) VALUES (38, 'b69f70f8c51a26caa89113ef1edb843990252922', '846.9186', '4929656985178', 'Pendiente', '2002-10-21 20:27:01', '1988-04-11 23:38:07', 38);
INSERT INTO `retirosSinCuenta` (`id`, `password`, `monto`, `folio`, `Estado`, `fechaInicio`, `fechaFin`, `idCuentaBancaria`) VALUES (39, 'bc6d6276a02c980373bd9c05e4b0d278add18d8c', '6487.3693', '4539391075026102', 'Cobrado', '1986-10-20 17:44:26', '1991-07-10 16:45:47', 39);
INSERT INTO `retirosSinCuenta` (`id`, `password`, `monto`, `folio`, `Estado`, `fechaInicio`, `fechaFin`, `idCuentaBancaria`) VALUES (40, '01c3d553b092c5bac52223f09eda15312a519de3', '814.4262', '5228168764428250', 'Cobrado', '1975-02-05 14:56:55', '1979-09-22 14:17:01', 40);
INSERT INTO `retirosSinCuenta` (`id`, `password`, `monto`, `folio`, `Estado`, `fechaInicio`, `fechaFin`, `idCuentaBancaria`) VALUES (41, '31fd4debcb18e1f90218137baffc7056b1b8c68e', '9999.9999', '6011247477524091', 'Pendiente', '2005-10-11 04:27:34', '2010-09-23 12:40:45', 41);
INSERT INTO `retirosSinCuenta` (`id`, `password`, `monto`, `folio`, `Estado`, `fechaInicio`, `fechaFin`, `idCuentaBancaria`) VALUES (42, '2b379d10bd13fae618a2d160f03375837ae0b53c', '1.0553', '4485408919228890', 'Pendiente', '2012-04-14 11:56:05', '1993-03-28 18:04:25', 42);
INSERT INTO `retirosSinCuenta` (`id`, `password`, `monto`, `folio`, `Estado`, `fechaInicio`, `fechaFin`, `idCuentaBancaria`) VALUES (43, '0808249d9b9189a67c149524650d357b129e7dd9', '1026.4490', '5494273443038833', 'Cobrado', '1990-06-19 03:40:17', '2005-09-26 14:38:26', 43);
INSERT INTO `retirosSinCuenta` (`id`, `password`, `monto`, `folio`, `Estado`, `fechaInicio`, `fechaFin`, `idCuentaBancaria`) VALUES (44, '7c2c16ced51cb97700a386a2df88e1ab6780424c', '9999.9999', '5205133797430202', 'Pendiente', '1971-04-24 10:27:01', '1988-07-17 03:46:25', 44);
INSERT INTO `retirosSinCuenta` (`id`, `password`, `monto`, `folio`, `Estado`, `fechaInicio`, `fechaFin`, `idCuentaBancaria`) VALUES (45, '0c1a79c0e8fa43623511335a5a0fc6df5008baf1', '9999.9999', '6011108704491885', 'Cobrado', '2011-08-17 22:42:49', '2010-09-23 13:01:25', 45);
INSERT INTO `retirosSinCuenta` (`id`, `password`, `monto`, `folio`, `Estado`, `fechaInicio`, `fechaFin`, `idCuentaBancaria`) VALUES (46, 'bac68e628e5c2eea9ca4e3eb3951cc0d10b4bfde', '9999.9999', '6011189745724774', 'Cobrado', '2021-01-20 01:53:43', '1989-09-15 01:19:15', 46);
INSERT INTO `retirosSinCuenta` (`id`, `password`, `monto`, `folio`, `Estado`, `fechaInicio`, `fechaFin`, `idCuentaBancaria`) VALUES (47, '38c11334a580b8e7aa970dc09aa7b929225ac49b', '9999.9999', '340126926462338', 'Pendiente', '2007-07-05 02:31:41', '1997-09-06 22:12:04', 47);
INSERT INTO `retirosSinCuenta` (`id`, `password`, `monto`, `folio`, `Estado`, `fechaInicio`, `fechaFin`, `idCuentaBancaria`) VALUES (48, '12be1f9027241367603b57da250f47e7fcb6dcdb', '7839.7780', '5514405147575976', 'Cobrado', '1974-11-06 16:18:04', '2007-03-17 01:06:48', 48);
INSERT INTO `retirosSinCuenta` (`id`, `password`, `monto`, `folio`, `Estado`, `fechaInicio`, `fechaFin`, `idCuentaBancaria`) VALUES (49, '668eefcaada0c379d5559fe3b9fa591a4069685f', '60.9175', '5177342182695381', 'Pendiente', '1979-06-27 10:22:20', '1989-05-17 02:13:12', 49);
INSERT INTO `retirosSinCuenta` (`id`, `password`, `monto`, `folio`, `Estado`, `fechaInicio`, `fechaFin`, `idCuentaBancaria`) VALUES (50, '7c07c0d9f84970f80c4291a61a0492a7b2bfafa1', '1.8798', '5224006248739795', 'Cobrado', '2000-03-17 18:45:14', '2005-06-02 01:48:49', 50);
INSERT INTO `retirosSinCuenta` (`id`, `password`, `monto`, `folio`, `Estado`, `fechaInicio`, `fechaFin`, `idCuentaBancaria`) VALUES (51, '1b63a01d30ecc09262e7fdb806505a22afeadd41', '47.4474', '5503792169350790', 'Pendiente', '2016-08-24 20:08:13', '1993-01-25 02:21:29', 51);
INSERT INTO `retirosSinCuenta` (`id`, `password`, `monto`, `folio`, `Estado`, `fechaInicio`, `fechaFin`, `idCuentaBancaria`) VALUES (52, 'f93a9e6a89999c620266b1ecc3c756100351fab0', '9999.9999', '4916804264255608', 'Pendiente', '2003-05-18 09:56:52', '2022-06-24 19:38:17', 52);
INSERT INTO `retirosSinCuenta` (`id`, `password`, `monto`, `folio`, `Estado`, `fechaInicio`, `fechaFin`, `idCuentaBancaria`) VALUES (53, '2a2544b68074c1709e5c3acfa3ffbaa41253b5b3', '9999.9999', '5232140515124090', 'Pendiente', '2021-04-06 11:44:16', '1991-12-29 12:31:49', 53);
INSERT INTO `retirosSinCuenta` (`id`, `password`, `monto`, `folio`, `Estado`, `fechaInicio`, `fechaFin`, `idCuentaBancaria`) VALUES (54, 'c9a7fc41bbdd0e49f2c438d4e69ab627536fe323', '243.6359', '5386452088266372', 'Cobrado', '2009-10-29 07:23:54', '1986-05-10 11:58:21', 54);
INSERT INTO `retirosSinCuenta` (`id`, `password`, `monto`, `folio`, `Estado`, `fechaInicio`, `fechaFin`, `idCuentaBancaria`) VALUES (55, 'fc6e42720b076b638f00f88c00a5b523ee4622cf', '9999.9999', '5538400278841101', 'Cobrado', '1989-09-08 12:34:07', '1988-12-14 00:19:29', 55);
INSERT INTO `retirosSinCuenta` (`id`, `password`, `monto`, `folio`, `Estado`, `fechaInicio`, `fechaFin`, `idCuentaBancaria`) VALUES (56, '789d11ae79814971248667bd069576f7c8ae8d68', '12.7980', '5594404137133093', 'Pendiente', '2002-01-01 15:35:02', '1998-01-11 08:49:07', 56);
INSERT INTO `retirosSinCuenta` (`id`, `password`, `monto`, `folio`, `Estado`, `fechaInicio`, `fechaFin`, `idCuentaBancaria`) VALUES (57, '44469c0f20dc777a9808b4fe808d8c2d38bb2535', '6.0000', '5457298676878489', 'Cobrado', '2004-11-10 05:01:08', '2022-01-06 20:26:43', 57);
INSERT INTO `retirosSinCuenta` (`id`, `password`, `monto`, `folio`, `Estado`, `fechaInicio`, `fechaFin`, `idCuentaBancaria`) VALUES (58, '8e273c34f23e19d80d44a49cca387920faab3376', '9999.9999', '6011971566902678', 'Cobrado', '1991-09-24 05:49:46', '1997-01-29 10:32:38', 58);
INSERT INTO `retirosSinCuenta` (`id`, `password`, `monto`, `folio`, `Estado`, `fechaInicio`, `fechaFin`, `idCuentaBancaria`) VALUES (59, 'ff145a068d56ce89e420cdbbca05ae17513322d7', '1789.0000', '6011088885486057', 'Pendiente', '2011-11-10 10:23:44', '2000-06-06 00:57:42', 59);
INSERT INTO `retirosSinCuenta` (`id`, `password`, `monto`, `folio`, `Estado`, `fechaInicio`, `fechaFin`, `idCuentaBancaria`) VALUES (60, '400dde07f4b7345823199f6163cab66ae402e507', '10.1511', '6011962784706916', 'Pendiente', '2022-07-04 23:51:43', '2015-10-08 10:25:44', 60);
INSERT INTO `retirosSinCuenta` (`id`, `password`, `monto`, `folio`, `Estado`, `fechaInicio`, `fechaFin`, `idCuentaBancaria`) VALUES (61, '9aa1b3bb7070aded19b247cf58f60c46e9e9de3d', '9999.9999', '4916630040564', 'Pendiente', '1976-04-13 13:12:24', '1996-04-02 17:52:05', 61);
INSERT INTO `retirosSinCuenta` (`id`, `password`, `monto`, `folio`, `Estado`, `fechaInicio`, `fechaFin`, `idCuentaBancaria`) VALUES (62, '9c93c671db6c62da35fe085c23b290aecb71f275', '9999.9999', '4916349312088', 'Cobrado', '2020-05-06 22:53:39', '1995-03-15 19:05:14', 62);
INSERT INTO `retirosSinCuenta` (`id`, `password`, `monto`, `folio`, `Estado`, `fechaInicio`, `fechaFin`, `idCuentaBancaria`) VALUES (63, '8dbf50f2f2c47f66ab3d6deff67ee7538c9f6abd', '9999.9999', '4916309381531', 'Pendiente', '2009-06-20 20:27:21', '2019-06-20 11:36:08', 63);
INSERT INTO `retirosSinCuenta` (`id`, `password`, `monto`, `folio`, `Estado`, `fechaInicio`, `fechaFin`, `idCuentaBancaria`) VALUES (64, '63c0ea140047107814797c8d44db883be399a71f', '9999.9999', '4556481110088646', 'Pendiente', '1995-05-19 18:49:23', '2010-06-01 15:08:13', 64);
INSERT INTO `retirosSinCuenta` (`id`, `password`, `monto`, `folio`, `Estado`, `fechaInicio`, `fechaFin`, `idCuentaBancaria`) VALUES (65, 'abb555b24c341734272828c32a86a6660a7ef551', '9999.9999', '5470923117345629', 'Cobrado', '2014-05-13 02:27:40', '2013-10-01 04:50:21', 65);
INSERT INTO `retirosSinCuenta` (`id`, `password`, `monto`, `folio`, `Estado`, `fechaInicio`, `fechaFin`, `idCuentaBancaria`) VALUES (66, 'faa42ae704971e06c3a4cfa568cc5643cc3389b5', '9999.9999', '5349798930971563', 'Cobrado', '1974-08-18 02:35:57', '1980-07-29 16:52:13', 66);
INSERT INTO `retirosSinCuenta` (`id`, `password`, `monto`, `folio`, `Estado`, `fechaInicio`, `fechaFin`, `idCuentaBancaria`) VALUES (67, '1d5ed1a30532114ad58c988a871a8db631a1056f', '9999.9999', '5400539065502746', 'Pendiente', '1971-01-21 16:40:42', '2011-12-10 00:50:47', 67);
INSERT INTO `retirosSinCuenta` (`id`, `password`, `monto`, `folio`, `Estado`, `fechaInicio`, `fechaFin`, `idCuentaBancaria`) VALUES (68, '8aff02af18c148bc98af3095cc8448cdcc0598b3', '1.0000', '4556397977472873', 'Pendiente', '1981-01-01 02:33:46', '1978-06-12 13:27:04', 68);
INSERT INTO `retirosSinCuenta` (`id`, `password`, `monto`, `folio`, `Estado`, `fechaInicio`, `fechaFin`, `idCuentaBancaria`) VALUES (69, '45294850c10985f9caeffa4cb564d3b2e30b90e7', '9999.9999', '4532691628757161', 'Cobrado', '1990-11-13 07:13:44', '2021-12-29 07:48:20', 69);
INSERT INTO `retirosSinCuenta` (`id`, `password`, `monto`, `folio`, `Estado`, `fechaInicio`, `fechaFin`, `idCuentaBancaria`) VALUES (70, '04fc5d9be2fc1a6670385150c7d3b24a376f23f4', '6049.8340', '4532421833748', 'Cobrado', '2019-07-06 15:44:48', '2014-11-09 22:40:53', 70);
INSERT INTO `retirosSinCuenta` (`id`, `password`, `monto`, `folio`, `Estado`, `fechaInicio`, `fechaFin`, `idCuentaBancaria`) VALUES (71, '33bfae66c5d597087f17ca7d141e683c8b65c1dc', '9999.9999', '4929251357448451', 'Pendiente', '1983-03-12 17:22:21', '1987-02-15 12:20:34', 71);
INSERT INTO `retirosSinCuenta` (`id`, `password`, `monto`, `folio`, `Estado`, `fechaInicio`, `fechaFin`, `idCuentaBancaria`) VALUES (72, 'a056cb04df38f4714459cceea222b9a6b0a37640', '9999.9999', '4532828091189', 'Pendiente', '1972-08-30 23:04:09', '1999-07-09 10:43:43', 72);
INSERT INTO `retirosSinCuenta` (`id`, `password`, `monto`, `folio`, `Estado`, `fechaInicio`, `fechaFin`, `idCuentaBancaria`) VALUES (73, 'b4414b7975db5f41b78523756c24068c31e8a086', '9999.9999', '5407406051398466', 'Pendiente', '2005-12-19 01:09:00', '1974-01-07 20:34:58', 73);
INSERT INTO `retirosSinCuenta` (`id`, `password`, `monto`, `folio`, `Estado`, `fechaInicio`, `fechaFin`, `idCuentaBancaria`) VALUES (74, 'dc63d03b9e381742b2a16ca00d57cefc3839711a', '1.3020', '348302332512957', 'Cobrado', '1976-05-01 08:25:49', '2020-05-18 00:07:10', 74);
INSERT INTO `retirosSinCuenta` (`id`, `password`, `monto`, `folio`, `Estado`, `fechaInicio`, `fechaFin`, `idCuentaBancaria`) VALUES (75, 'a54bb70f069f20407bcfb1d4f7e1f91624fd9016', '9999.9999', '4532502157486', 'Pendiente', '2005-04-07 16:31:20', '1983-12-11 14:42:22', 75);
INSERT INTO `retirosSinCuenta` (`id`, `password`, `monto`, `folio`, `Estado`, `fechaInicio`, `fechaFin`, `idCuentaBancaria`) VALUES (76, 'd1c662b50c3f2bbd447e6aad1566c84fe4102063', '9.9104', '4929059285018091', 'Cobrado', '1982-09-21 06:47:50', '2022-01-19 21:16:49', 76);
INSERT INTO `retirosSinCuenta` (`id`, `password`, `monto`, `folio`, `Estado`, `fechaInicio`, `fechaFin`, `idCuentaBancaria`) VALUES (77, '0458639d187874d638931e13d2f01ec329032163', '9999.9999', '4539628119459715', 'Cobrado', '1980-12-18 16:15:10', '2014-01-11 19:17:14', 77);
INSERT INTO `retirosSinCuenta` (`id`, `password`, `monto`, `folio`, `Estado`, `fechaInicio`, `fechaFin`, `idCuentaBancaria`) VALUES (78, '58196393062e50cf6e2230d64f6c3ecc9aaa175e', '54.3965', '4929397888206542', 'Cobrado', '2011-12-13 01:14:56', '1993-03-20 12:26:05', 78);
INSERT INTO `retirosSinCuenta` (`id`, `password`, `monto`, `folio`, `Estado`, `fechaInicio`, `fechaFin`, `idCuentaBancaria`) VALUES (79, 'aa2fe6e259fe4c876564917fe55788f623dbaafd', '1205.0000', '4024007194203002', 'Pendiente', '1970-11-13 00:34:29', '1983-06-03 04:45:58', 79);
INSERT INTO `retirosSinCuenta` (`id`, `password`, `monto`, `folio`, `Estado`, `fechaInicio`, `fechaFin`, `idCuentaBancaria`) VALUES (80, 'b5b8a947217df21eb6299a11ab036f1b1c4c60c7', '12.0000', '6011100622896464', 'Cobrado', '1971-11-05 03:17:40', '2018-12-26 13:37:11', 80);
INSERT INTO `retirosSinCuenta` (`id`, `password`, `monto`, `folio`, `Estado`, `fechaInicio`, `fechaFin`, `idCuentaBancaria`) VALUES (81, '328278e08952b287eb83d9aab12fefe04e147eac', '238.4000', '4273684935173721', 'Cobrado', '1970-03-16 08:29:50', '1985-03-23 16:21:50', 81);
INSERT INTO `retirosSinCuenta` (`id`, `password`, `monto`, `folio`, `Estado`, `fechaInicio`, `fechaFin`, `idCuentaBancaria`) VALUES (82, '053d74ba722f48920ca013e433bd7dea22941f74', '9999.9999', '5403670935237093', 'Cobrado', '1996-05-24 07:13:22', '1995-02-26 22:52:03', 82);
INSERT INTO `retirosSinCuenta` (`id`, `password`, `monto`, `folio`, `Estado`, `fechaInicio`, `fechaFin`, `idCuentaBancaria`) VALUES (83, 'b951d7b90994f0fd269c280655dbb1b2a0223b5c', '9999.9999', '5569357488347117', 'Cobrado', '1999-12-20 20:33:22', '2021-08-28 19:12:42', 83);
INSERT INTO `retirosSinCuenta` (`id`, `password`, `monto`, `folio`, `Estado`, `fechaInicio`, `fechaFin`, `idCuentaBancaria`) VALUES (84, '1d9d25fcfd94b5fbdd9db655ce0c0ca3a5e9d97b', '4.7400', '4929593187188414', 'Pendiente', '1997-05-26 22:59:07', '1998-08-12 00:42:27', 84);
INSERT INTO `retirosSinCuenta` (`id`, `password`, `monto`, `folio`, `Estado`, `fechaInicio`, `fechaFin`, `idCuentaBancaria`) VALUES (85, '3ad00b4222ab5783b2719b3ad14ea2c0e81f528a', '9999.9999', '5512741883720564', 'Cobrado', '1985-04-25 16:10:34', '1990-07-31 19:01:51', 85);
INSERT INTO `retirosSinCuenta` (`id`, `password`, `monto`, `folio`, `Estado`, `fechaInicio`, `fechaFin`, `idCuentaBancaria`) VALUES (86, '0bd4ee0bf8d0875a911e55cf820a5b6a9cce281e', '2.7000', '4485573007707518', 'Cobrado', '2013-01-08 20:09:09', '1977-08-12 19:34:35', 86);
INSERT INTO `retirosSinCuenta` (`id`, `password`, `monto`, `folio`, `Estado`, `fechaInicio`, `fechaFin`, `idCuentaBancaria`) VALUES (87, '261c0bd56ea1f189aee081d586083f8fa8bcb20d', '9999.9999', '5273843656251412', 'Cobrado', '2011-03-13 14:06:47', '1983-02-01 13:13:00', 87);
INSERT INTO `retirosSinCuenta` (`id`, `password`, `monto`, `folio`, `Estado`, `fechaInicio`, `fechaFin`, `idCuentaBancaria`) VALUES (88, 'e601528d5adc53170f9f3813788519b420a49ef8', '77.0000', '5576705678835732', 'Cobrado', '2004-07-08 06:04:15', '1987-07-31 18:05:37', 88);
INSERT INTO `retirosSinCuenta` (`id`, `password`, `monto`, `folio`, `Estado`, `fechaInicio`, `fechaFin`, `idCuentaBancaria`) VALUES (89, 'aaad26deb8e3019622ff516e35c674096bfa5ae9', '6.0721', '371124549318434', 'Cobrado', '2016-03-17 06:40:24', '2022-09-21 03:11:31', 89);
INSERT INTO `retirosSinCuenta` (`id`, `password`, `monto`, `folio`, `Estado`, `fechaInicio`, `fechaFin`, `idCuentaBancaria`) VALUES (90, 'b585cb0854a0d725f36d5834a65cc86b019fe6db', '7777.4914', '5596852151011300', 'Cobrado', '1985-04-25 04:55:57', '2010-10-01 03:55:51', 90);
INSERT INTO `retirosSinCuenta` (`id`, `password`, `monto`, `folio`, `Estado`, `fechaInicio`, `fechaFin`, `idCuentaBancaria`) VALUES (91, '8f67cdc5bdcf238cbd1cc877f4e8436b02e7e457', '9999.9999', '4556021712297', 'Cobrado', '2022-12-09 16:11:38', '1997-03-20 15:13:12', 91);
INSERT INTO `retirosSinCuenta` (`id`, `password`, `monto`, `folio`, `Estado`, `fechaInicio`, `fechaFin`, `idCuentaBancaria`) VALUES (92, '6f01ab4d819e6361e6671a9af895315d259c6123', '9999.9999', '4916947396759775', 'Cobrado', '2006-03-22 20:09:59', '2003-03-17 13:06:17', 92);
INSERT INTO `retirosSinCuenta` (`id`, `password`, `monto`, `folio`, `Estado`, `fechaInicio`, `fechaFin`, `idCuentaBancaria`) VALUES (93, '4d79cd4322741de3702dab3c4637f5401a3ab5bc', '9999.9999', '5503500173617465', 'Pendiente', '1994-07-01 03:25:55', '1999-10-21 14:43:34', 93);
INSERT INTO `retirosSinCuenta` (`id`, `password`, `monto`, `folio`, `Estado`, `fechaInicio`, `fechaFin`, `idCuentaBancaria`) VALUES (94, '148d6e55d0b55190a3f8c533b158da5618fef95b', '2.0483', '5222990621166320', 'Pendiente', '1971-09-06 08:05:11', '2021-11-22 17:54:37', 94);
INSERT INTO `retirosSinCuenta` (`id`, `password`, `monto`, `folio`, `Estado`, `fechaInicio`, `fechaFin`, `idCuentaBancaria`) VALUES (95, '1a8e2876c1810f03ea18fd19af7dd3ae6b3574b4', '273.9182', '4716253123613', 'Cobrado', '2009-05-25 17:21:32', '2001-04-15 03:34:45', 95);
INSERT INTO `retirosSinCuenta` (`id`, `password`, `monto`, `folio`, `Estado`, `fechaInicio`, `fechaFin`, `idCuentaBancaria`) VALUES (96, '514b847103a17147c81daf5f4ca94159f36020c7', '66.3535', '6011962723655078', 'Pendiente', '2000-11-17 07:35:05', '2007-09-04 09:24:13', 96);
INSERT INTO `retirosSinCuenta` (`id`, `password`, `monto`, `folio`, `Estado`, `fechaInicio`, `fechaFin`, `idCuentaBancaria`) VALUES (97, 'a948e217b026c314709b6e1025cb6e7a97e3cdbe', '9999.9999', '340549005877533', 'Pendiente', '1987-01-27 22:15:27', '2007-04-11 22:42:50', 97);
INSERT INTO `retirosSinCuenta` (`id`, `password`, `monto`, `folio`, `Estado`, `fechaInicio`, `fechaFin`, `idCuentaBancaria`) VALUES (98, 'ae985e2e72c9397b42c3e8da2abd02733753ab83', '9999.9999', '5438472602727046', 'Cobrado', '2005-03-03 17:48:35', '2005-02-01 10:17:26', 98);
INSERT INTO `retirosSinCuenta` (`id`, `password`, `monto`, `folio`, `Estado`, `fechaInicio`, `fechaFin`, `idCuentaBancaria`) VALUES (99, 'd185a63b32d7937fa5d7b73a967774101a0401bd', '9999.9999', '4485296524448052', 'Cobrado', '2005-04-27 01:04:32', '1982-03-28 18:07:31', 99);
INSERT INTO `retirosSinCuenta` (`id`, `password`, `monto`, `folio`, `Estado`, `fechaInicio`, `fechaFin`, `idCuentaBancaria`) VALUES (100, '7b92a55906e00214a7088a8cb7b8482b2bb76a2b', '9999.9999', '5344160575267443', 'Pendiente', '1999-11-25 15:14:50', '1990-03-18 03:04:18', 100);






