/*
registros 	  tabla
50 			domicilios 	
100			retirosSinCuenta 	
50	 		clientes 	
100 		operaciones 	
50 			transferencias 	
100			cuentasBancarias 	

*/

#
# Domicilios
#


INSERT INTO `domicilios` (`id`, `calle`, `colonia`, `ciudad`, `estado`, `pais`, `codigoPostal`) VALUES (1, 'Alessia Fork', 'Apt. 732', 'Port Muriel', 'Mississippi', 'Uzbekistan', '83881-8599');
INSERT INTO `domicilios` (`id`, `calle`, `colonia`, `ciudad`, `estado`, `pais`, `codigoPostal`) VALUES (2, 'Marquardt Pine', 'Apt. 822', 'Gwenburgh', 'Massachusetts', 'Timor-Leste', '89855-0235');
INSERT INTO `domicilios` (`id`, `calle`, `colonia`, `ciudad`, `estado`, `pais`, `codigoPostal`) VALUES (3, 'Marjorie Village', 'Apt. 448', 'Staceychester', 'Idaho', 'Pitcairn Islands', '46705-0903');
INSERT INTO `domicilios` (`id`, `calle`, `colonia`, `ciudad`, `estado`, `pais`, `codigoPostal`) VALUES (4, 'Omari Islands', 'Suite 878', 'Nameburgh', 'Texas', 'French Southern Territories', '76218');
INSERT INTO `domicilios` (`id`, `calle`, `colonia`, `ciudad`, `estado`, `pais`, `codigoPostal`) VALUES (5, 'Schmidt Dale', 'Suite 964', 'Fadelhaven', 'Idaho', 'Equatorial Guinea', '93766-9193');
INSERT INTO `domicilios` (`id`, `calle`, `colonia`, `ciudad`, `estado`, `pais`, `codigoPostal`) VALUES (6, 'Priscilla Island', 'Suite 948', 'Port Kristiantown', 'Utah', 'Kenya', '92155');
INSERT INTO `domicilios` (`id`, `calle`, `colonia`, `ciudad`, `estado`, `pais`, `codigoPostal`) VALUES (7, 'Farrell Point', 'Suite 274', 'Lake Delphineburgh', 'Arizona', 'Turks and Caicos Islands', '54710-2413');
INSERT INTO `domicilios` (`id`, `calle`, `colonia`, `ciudad`, `estado`, `pais`, `codigoPostal`) VALUES (8, 'Koch Mill', 'Suite 890', 'Kendraside', 'NewYork', 'Ukraine', '14989');
INSERT INTO `domicilios` (`id`, `calle`, `colonia`, `ciudad`, `estado`, `pais`, `codigoPostal`) VALUES (9, 'Schroeder Islands', 'Suite 694', 'New Marta', 'Vermont', 'Tokelau', '41209');
INSERT INTO `domicilios` (`id`, `calle`, `colonia`, `ciudad`, `estado`, `pais`, `codigoPostal`) VALUES (10, 'Genevieve Mountains', 'Apt. 379', 'West Lesterville', 'California', 'Kenya', '55078');
INSERT INTO `domicilios` (`id`, `calle`, `colonia`, `ciudad`, `estado`, `pais`, `codigoPostal`) VALUES (11, 'Luettgen Union', 'Suite 538', 'South Lindsay', 'NorthCarolina', 'Ethiopia', '81544-1419');
INSERT INTO `domicilios` (`id`, `calle`, `colonia`, `ciudad`, `estado`, `pais`, `codigoPostal`) VALUES (12, 'Ludie Alley', 'Suite 565', 'East Autumnhaven', 'Connecticut', 'Paraguay', '92478-5599');
INSERT INTO `domicilios` (`id`, `calle`, `colonia`, `ciudad`, `estado`, `pais`, `codigoPostal`) VALUES (13, 'Streich Lane', 'Suite 259', 'Mireilleburgh', 'Hawaii', 'Cameroon', '24501-7644');
INSERT INTO `domicilios` (`id`, `calle`, `colonia`, `ciudad`, `estado`, `pais`, `codigoPostal`) VALUES (14, 'Veum Well', 'Apt. 147', 'Port Greenchester', 'Connecticut', 'Djibouti', '78846');
INSERT INTO `domicilios` (`id`, `calle`, `colonia`, `ciudad`, `estado`, `pais`, `codigoPostal`) VALUES (15, 'Vandervort Court', 'Suite 068', 'Lake Vivianshire', 'Tennessee', 'Spain', '20518');
INSERT INTO `domicilios` (`id`, `calle`, `colonia`, `ciudad`, `estado`, `pais`, `codigoPostal`) VALUES (16, 'Isabell Port', 'Apt. 381', 'South Rodgerbury', 'Alabama', 'Holy See (Vatican City State)', '62876-2446');
INSERT INTO `domicilios` (`id`, `calle`, `colonia`, `ciudad`, `estado`, `pais`, `codigoPostal`) VALUES (17, 'Ankunding Gateway', 'Suite 257', 'South Mauricebury', 'Louisiana', 'United States Minor Outlying I', '78017');
INSERT INTO `domicilios` (`id`, `calle`, `colonia`, `ciudad`, `estado`, `pais`, `codigoPostal`) VALUES (18, 'Schaefer Cove', 'Suite 465', 'Rueckerport', 'Maryland', 'Macao', '10223-4126');
INSERT INTO `domicilios` (`id`, `calle`, `colonia`, `ciudad`, `estado`, `pais`, `codigoPostal`) VALUES (19, 'Wilkinson Estates', 'Suite 831', 'Lake Franz', 'Vermont', 'Saint Barthelemy', '70744');
INSERT INTO `domicilios` (`id`, `calle`, `colonia`, `ciudad`, `estado`, `pais`, `codigoPostal`) VALUES (20, 'McClure Knoll', 'Suite 755', 'New Percival', 'NewHampshire', 'Reunion', '11242');
INSERT INTO `domicilios` (`id`, `calle`, `colonia`, `ciudad`, `estado`, `pais`, `codigoPostal`) VALUES (21, 'Nelson Route', 'Apt. 950', 'Mollietown', 'Tennessee', 'Malaysia', '47167');
INSERT INTO `domicilios` (`id`, `calle`, `colonia`, `ciudad`, `estado`, `pais`, `codigoPostal`) VALUES (22, 'Krajcik Isle', 'Suite 430', 'Zboncakfort', 'Alabama', 'United Kingdom', '60200-6821');
INSERT INTO `domicilios` (`id`, `calle`, `colonia`, `ciudad`, `estado`, `pais`, `codigoPostal`) VALUES (23, 'June Causeway', 'Suite 278', 'West Markstad', 'Oregon', 'Uzbekistan', '00470-7302');
INSERT INTO `domicilios` (`id`, `calle`, `colonia`, `ciudad`, `estado`, `pais`, `codigoPostal`) VALUES (24, 'Connelly Drive', 'Apt. 308', 'North Maegan', 'Ohio', 'Ethiopia', '88562-2706');
INSERT INTO `domicilios` (`id`, `calle`, `colonia`, `ciudad`, `estado`, `pais`, `codigoPostal`) VALUES (25, 'Juwan Inlet', 'Apt. 739', 'Lake Providencitown', 'Minnesota', 'Niue', '88897');
INSERT INTO `domicilios` (`id`, `calle`, `colonia`, `ciudad`, `estado`, `pais`, `codigoPostal`) VALUES (26, 'Pedro Meadow', 'Suite 640', 'Schowaltermouth', 'Louisiana', 'Armenia', '76321');
INSERT INTO `domicilios` (`id`, `calle`, `colonia`, `ciudad`, `estado`, `pais`, `codigoPostal`) VALUES (27, 'Pietro Valleys', 'Apt. 907', 'Tatumchester', 'Montana', 'Bhutan', '34865');
INSERT INTO `domicilios` (`id`, `calle`, `colonia`, `ciudad`, `estado`, `pais`, `codigoPostal`) VALUES (28, 'Elise Terrace', 'Suite 222', 'North Schuyler', 'Florida', 'Guinea-Bissau', '44978');
INSERT INTO `domicilios` (`id`, `calle`, `colonia`, `ciudad`, `estado`, `pais`, `codigoPostal`) VALUES (29, 'Delphia Route', 'Apt. 537', 'Sipesside', 'Oregon', 'Western Sahara', '75639-1392');
INSERT INTO `domicilios` (`id`, `calle`, `colonia`, `ciudad`, `estado`, `pais`, `codigoPostal`) VALUES (30, 'Quitzon Springs', 'Suite 166', 'Kiehnville', 'Pennsylvania', 'Anguilla', '61541-3722');
INSERT INTO `domicilios` (`id`, `calle`, `colonia`, `ciudad`, `estado`, `pais`, `codigoPostal`) VALUES (31, 'McLaughlin Centers', 'Suite 381', 'North Jacynthe', 'Georgia', 'Saint Kitts and Nevis', '49701-0250');
INSERT INTO `domicilios` (`id`, `calle`, `colonia`, `ciudad`, `estado`, `pais`, `codigoPostal`) VALUES (32, 'Thea Isle', 'Suite 286', 'Cassandreburgh', 'NorthDakota', 'Cambodia', '19428');
INSERT INTO `domicilios` (`id`, `calle`, `colonia`, `ciudad`, `estado`, `pais`, `codigoPostal`) VALUES (33, 'Margarett Cove', 'Apt. 800', 'Brandiland', 'Missouri', 'Panama', '77929');
INSERT INTO `domicilios` (`id`, `calle`, `colonia`, `ciudad`, `estado`, `pais`, `codigoPostal`) VALUES (34, 'Jordyn Vista', 'Suite 238', 'Port Kyleigh', 'Maryland', 'Estonia', '18070-6824');
INSERT INTO `domicilios` (`id`, `calle`, `colonia`, `ciudad`, `estado`, `pais`, `codigoPostal`) VALUES (35, 'Randi Mountain', 'Suite 640', 'Strackehaven', 'WestVirginia', 'Estonia', '95517-5273');
INSERT INTO `domicilios` (`id`, `calle`, `colonia`, `ciudad`, `estado`, `pais`, `codigoPostal`) VALUES (36, 'Hackett Viaduct', 'Suite 027', 'Leannonhaven', 'Louisiana', 'Seychelles', '91736-5183');
INSERT INTO `domicilios` (`id`, `calle`, `colonia`, `ciudad`, `estado`, `pais`, `codigoPostal`) VALUES (37, 'Ritchie Canyon', 'Suite 585', 'Reingerfort', 'NewMexico', 'Guam', '48897-4703');
INSERT INTO `domicilios` (`id`, `calle`, `colonia`, `ciudad`, `estado`, `pais`, `codigoPostal`) VALUES (38, 'Mitchell Plaza', 'Suite 010', 'Alenafort', 'Kansas', 'Cameroon', '57716');
INSERT INTO `domicilios` (`id`, `calle`, `colonia`, `ciudad`, `estado`, `pais`, `codigoPostal`) VALUES (39, 'Rempel Haven', 'Apt. 495', 'Port Wilberside', 'Montana', 'Tonga', '71278-8342');
INSERT INTO `domicilios` (`id`, `calle`, `colonia`, `ciudad`, `estado`, `pais`, `codigoPostal`) VALUES (40, 'Clemens Port', 'Suite 818', 'Destinyville', 'SouthDakota', 'Belarus', '54819-7770');
INSERT INTO `domicilios` (`id`, `calle`, `colonia`, `ciudad`, `estado`, `pais`, `codigoPostal`) VALUES (41, 'Okuneva Lakes', 'Suite 155', 'Murazikborough', 'Hawaii', 'Liechtenstein', '06058');
INSERT INTO `domicilios` (`id`, `calle`, `colonia`, `ciudad`, `estado`, `pais`, `codigoPostal`) VALUES (42, 'Reyna Run', 'Apt. 269', 'Larsonburgh', 'Arizona', 'Zimbabwe', '56749-1821');
INSERT INTO `domicilios` (`id`, `calle`, `colonia`, `ciudad`, `estado`, `pais`, `codigoPostal`) VALUES (43, 'Melyssa Passage', 'Apt. 811', 'Port Lottie', 'Tennessee', 'Peru', '09006');
INSERT INTO `domicilios` (`id`, `calle`, `colonia`, `ciudad`, `estado`, `pais`, `codigoPostal`) VALUES (44, 'Jeramie Forks', 'Suite 536', 'Cristbury', 'Wyoming', 'Seychelles', '23722-1919');
INSERT INTO `domicilios` (`id`, `calle`, `colonia`, `ciudad`, `estado`, `pais`, `codigoPostal`) VALUES (45, 'Pfannerstill Bridge', 'Apt. 310', 'Corwinville', 'Oregon', 'Heard Island and McDonald Isla', '69906');
INSERT INTO `domicilios` (`id`, `calle`, `colonia`, `ciudad`, `estado`, `pais`, `codigoPostal`) VALUES (46, 'Hand Square', 'Apt. 897', 'Lake Tre', 'Indiana', 'Liechtenstein', '38686-3058');
INSERT INTO `domicilios` (`id`, `calle`, `colonia`, `ciudad`, `estado`, `pais`, `codigoPostal`) VALUES (47, 'Cortez Unions', 'Suite 828', 'Lake Lennabury', 'California', 'Mauritania', '89236');
INSERT INTO `domicilios` (`id`, `calle`, `colonia`, `ciudad`, `estado`, `pais`, `codigoPostal`) VALUES (48, 'Wiza Parks', 'Apt. 802', 'Port Eleonore', 'Virginia', 'Guam', '23789-3198');
INSERT INTO `domicilios` (`id`, `calle`, `colonia`, `ciudad`, `estado`, `pais`, `codigoPostal`) VALUES (49, 'Lawson Brook', 'Apt. 955', 'North Shakira', 'RhodeIsland', 'United States of America', '34709');
INSERT INTO `domicilios` (`id`, `calle`, `colonia`, `ciudad`, `estado`, `pais`, `codigoPostal`) VALUES (50, 'Wyman Dam', 'Suite 800', 'Kuvalisshire', 'Florida', 'Saint Vincent and the Grenadin', '75532-2384');



#
# CLIENTES
#

INSERT INTO `clientes` (`id`, `nombres`, `apellidoPaterno`, `apellidoMaterno`, `fechaNacimiento`, `idDomicilio`) VALUES (1, 'Alia', 'Wiza', 'Nicolas', '1997-11-23', 1);
INSERT INTO `clientes` (`id`, `nombres`, `apellidoPaterno`, `apellidoMaterno`, `fechaNacimiento`, `idDomicilio`) VALUES (2, 'Teagan', 'Heidenreich', 'Pfannerstill', '2020-01-29', 2);
INSERT INTO `clientes` (`id`, `nombres`, `apellidoPaterno`, `apellidoMaterno`, `fechaNacimiento`, `idDomicilio`) VALUES (3, 'Mackenzie', 'Zemlak', 'O\'Conner', '1978-02-05', 3);
INSERT INTO `clientes` (`id`, `nombres`, `apellidoPaterno`, `apellidoMaterno`, `fechaNacimiento`, `idDomicilio`) VALUES (4, 'Osborne', 'Upton', 'Huel', '2018-03-22', 4);
INSERT INTO `clientes` (`id`, `nombres`, `apellidoPaterno`, `apellidoMaterno`, `fechaNacimiento`, `idDomicilio`) VALUES (5, 'Obie', 'Spencer', 'O\'Kon', '1993-07-03', 5);
INSERT INTO `clientes` (`id`, `nombres`, `apellidoPaterno`, `apellidoMaterno`, `fechaNacimiento`, `idDomicilio`) VALUES (6, 'Jennings', 'McLaughlin', 'Reynolds', '2017-07-19', 6);
INSERT INTO `clientes` (`id`, `nombres`, `apellidoPaterno`, `apellidoMaterno`, `fechaNacimiento`, `idDomicilio`) VALUES (7, 'Magnus', 'O\'Kon', 'Upton', '1993-12-02', 7);
INSERT INTO `clientes` (`id`, `nombres`, `apellidoPaterno`, `apellidoMaterno`, `fechaNacimiento`, `idDomicilio`) VALUES (8, 'Alaina', 'Goyette', 'Shanahan', '1989-04-16', 8);
INSERT INTO `clientes` (`id`, `nombres`, `apellidoPaterno`, `apellidoMaterno`, `fechaNacimiento`, `idDomicilio`) VALUES (9, 'Baby', 'Quitzon', 'Cormier', '2005-05-14', 9);
INSERT INTO `clientes` (`id`, `nombres`, `apellidoPaterno`, `apellidoMaterno`, `fechaNacimiento`, `idDomicilio`) VALUES (10, 'Nels', 'Reichel', 'Herzog', '1970-09-06', 10);
INSERT INTO `clientes` (`id`, `nombres`, `apellidoPaterno`, `apellidoMaterno`, `fechaNacimiento`, `idDomicilio`) VALUES (11, 'Dennis', 'Considine', 'Collins', '2022-07-11', 11);
INSERT INTO `clientes` (`id`, `nombres`, `apellidoPaterno`, `apellidoMaterno`, `fechaNacimiento`, `idDomicilio`) VALUES (12, 'Tobin', 'Spinka', 'Von', '1977-01-03', 12);
INSERT INTO `clientes` (`id`, `nombres`, `apellidoPaterno`, `apellidoMaterno`, `fechaNacimiento`, `idDomicilio`) VALUES (13, 'Albin', 'Nienow', 'Lehner', '1971-10-26', 13);
INSERT INTO `clientes` (`id`, `nombres`, `apellidoPaterno`, `apellidoMaterno`, `fechaNacimiento`, `idDomicilio`) VALUES (14, 'Jake', 'Rodriguez', 'Hagenes', '1990-07-16', 14);
INSERT INTO `clientes` (`id`, `nombres`, `apellidoPaterno`, `apellidoMaterno`, `fechaNacimiento`, `idDomicilio`) VALUES (15, 'Tianna', 'Kuhic', 'Kshlerin', '2013-03-21', 15);
INSERT INTO `clientes` (`id`, `nombres`, `apellidoPaterno`, `apellidoMaterno`, `fechaNacimiento`, `idDomicilio`) VALUES (16, 'Carey', 'Cole', 'Abshire', '2003-02-23', 16);
INSERT INTO `clientes` (`id`, `nombres`, `apellidoPaterno`, `apellidoMaterno`, `fechaNacimiento`, `idDomicilio`) VALUES (17, 'Victoria', 'Kilback', 'Carter', '2008-09-04', 17);
INSERT INTO `clientes` (`id`, `nombres`, `apellidoPaterno`, `apellidoMaterno`, `fechaNacimiento`, `idDomicilio`) VALUES (18, 'Leslie', 'Borer', 'Will', '2021-12-13', 18);
INSERT INTO `clientes` (`id`, `nombres`, `apellidoPaterno`, `apellidoMaterno`, `fechaNacimiento`, `idDomicilio`) VALUES (19, 'Callie', 'Pfeffer', 'Hoppe', '2000-08-21', 19);
INSERT INTO `clientes` (`id`, `nombres`, `apellidoPaterno`, `apellidoMaterno`, `fechaNacimiento`, `idDomicilio`) VALUES (20, 'Brennan', 'Thiel', 'Tillman', '1992-08-21', 20);
INSERT INTO `clientes` (`id`, `nombres`, `apellidoPaterno`, `apellidoMaterno`, `fechaNacimiento`, `idDomicilio`) VALUES (21, 'Junius', 'Hauck', 'Barton', '1975-03-26', 21);
INSERT INTO `clientes` (`id`, `nombres`, `apellidoPaterno`, `apellidoMaterno`, `fechaNacimiento`, `idDomicilio`) VALUES (22, 'Cassidy', 'Kuvalis', 'Kilback', '1994-07-17', 22);
INSERT INTO `clientes` (`id`, `nombres`, `apellidoPaterno`, `apellidoMaterno`, `fechaNacimiento`, `idDomicilio`) VALUES (23, 'Ewald', 'Bernier', 'Watsica', '1977-07-26', 23);
INSERT INTO `clientes` (`id`, `nombres`, `apellidoPaterno`, `apellidoMaterno`, `fechaNacimiento`, `idDomicilio`) VALUES (24, 'Kariane', 'Altenwerth', 'Zulauf', '1974-12-30', 24);
INSERT INTO `clientes` (`id`, `nombres`, `apellidoPaterno`, `apellidoMaterno`, `fechaNacimiento`, `idDomicilio`) VALUES (25, 'Pamela', 'Schroeder', 'Lang', '1975-11-13', 25);
INSERT INTO `clientes` (`id`, `nombres`, `apellidoPaterno`, `apellidoMaterno`, `fechaNacimiento`, `idDomicilio`) VALUES (26, 'Dock', 'Moore', 'Price', '2021-09-23', 26);
INSERT INTO `clientes` (`id`, `nombres`, `apellidoPaterno`, `apellidoMaterno`, `fechaNacimiento`, `idDomicilio`) VALUES (27, 'Edmund', 'Hudson', 'Marvin', '2016-10-03', 27);
INSERT INTO `clientes` (`id`, `nombres`, `apellidoPaterno`, `apellidoMaterno`, `fechaNacimiento`, `idDomicilio`) VALUES (28, 'Montana', 'Wilderman', 'Schuppe', '1981-02-12', 28);
INSERT INTO `clientes` (`id`, `nombres`, `apellidoPaterno`, `apellidoMaterno`, `fechaNacimiento`, `idDomicilio`) VALUES (29, 'Nella', 'Littel', 'Buckridge', '2000-03-12', 29);
INSERT INTO `clientes` (`id`, `nombres`, `apellidoPaterno`, `apellidoMaterno`, `fechaNacimiento`, `idDomicilio`) VALUES (30, 'Hayden', 'Bailey', 'Hane', '1990-10-12', 30);
INSERT INTO `clientes` (`id`, `nombres`, `apellidoPaterno`, `apellidoMaterno`, `fechaNacimiento`, `idDomicilio`) VALUES (31, 'Prudence', 'Hayes', 'Farrell', '2010-11-03', 31);
INSERT INTO `clientes` (`id`, `nombres`, `apellidoPaterno`, `apellidoMaterno`, `fechaNacimiento`, `idDomicilio`) VALUES (32, 'Janice', 'Waters', 'Thiel', '1983-02-05', 32);
INSERT INTO `clientes` (`id`, `nombres`, `apellidoPaterno`, `apellidoMaterno`, `fechaNacimiento`, `idDomicilio`) VALUES (33, 'Maxime', 'Nikolaus', 'Heaney', '1973-03-12', 33);
INSERT INTO `clientes` (`id`, `nombres`, `apellidoPaterno`, `apellidoMaterno`, `fechaNacimiento`, `idDomicilio`) VALUES (34, 'Pansy', 'Cole', 'Carroll', '1971-10-03', 34);
INSERT INTO `clientes` (`id`, `nombres`, `apellidoPaterno`, `apellidoMaterno`, `fechaNacimiento`, `idDomicilio`) VALUES (35, 'Kiana', 'Kuhn', 'Rodriguez', '1975-07-16', 35);
INSERT INTO `clientes` (`id`, `nombres`, `apellidoPaterno`, `apellidoMaterno`, `fechaNacimiento`, `idDomicilio`) VALUES (36, 'Arch', 'Luettgen', 'Schmitt', '2018-11-25', 36);
INSERT INTO `clientes` (`id`, `nombres`, `apellidoPaterno`, `apellidoMaterno`, `fechaNacimiento`, `idDomicilio`) VALUES (37, 'Aurore', 'Crona', 'Stiedemann', '1977-06-29', 37);
INSERT INTO `clientes` (`id`, `nombres`, `apellidoPaterno`, `apellidoMaterno`, `fechaNacimiento`, `idDomicilio`) VALUES (38, 'Misty', 'Kunde', 'Durgan', '2000-04-20', 38);
INSERT INTO `clientes` (`id`, `nombres`, `apellidoPaterno`, `apellidoMaterno`, `fechaNacimiento`, `idDomicilio`) VALUES (39, 'Mae', 'Willms', 'Purdy', '1985-09-12', 39);
INSERT INTO `clientes` (`id`, `nombres`, `apellidoPaterno`, `apellidoMaterno`, `fechaNacimiento`, `idDomicilio`) VALUES (40, 'Arely', 'Stamm', 'Hettinger', '1977-05-28', 40);
INSERT INTO `clientes` (`id`, `nombres`, `apellidoPaterno`, `apellidoMaterno`, `fechaNacimiento`, `idDomicilio`) VALUES (41, 'Alanis', 'Erdman', 'Leannon', '1979-12-06', 41);
INSERT INTO `clientes` (`id`, `nombres`, `apellidoPaterno`, `apellidoMaterno`, `fechaNacimiento`, `idDomicilio`) VALUES (42, 'Armando', 'Purdy', 'Kessler', '2019-09-13', 42);
INSERT INTO `clientes` (`id`, `nombres`, `apellidoPaterno`, `apellidoMaterno`, `fechaNacimiento`, `idDomicilio`) VALUES (43, 'Mortimer', 'King', 'Steuber', '1994-01-24', 43);
INSERT INTO `clientes` (`id`, `nombres`, `apellidoPaterno`, `apellidoMaterno`, `fechaNacimiento`, `idDomicilio`) VALUES (44, 'Dan', 'Mitchell', 'Flatley', '2012-10-22', 44);
INSERT INTO `clientes` (`id`, `nombres`, `apellidoPaterno`, `apellidoMaterno`, `fechaNacimiento`, `idDomicilio`) VALUES (45, 'Rhianna', 'Pouros', 'Johnston', '2018-02-27', 45);
INSERT INTO `clientes` (`id`, `nombres`, `apellidoPaterno`, `apellidoMaterno`, `fechaNacimiento`, `idDomicilio`) VALUES (46, 'Franz', 'Dickens', 'Glover', '2004-07-08', 46);
INSERT INTO `clientes` (`id`, `nombres`, `apellidoPaterno`, `apellidoMaterno`, `fechaNacimiento`, `idDomicilio`) VALUES (47, 'Daphne', 'Lang', 'Bauch', '1975-09-16', 47);
INSERT INTO `clientes` (`id`, `nombres`, `apellidoPaterno`, `apellidoMaterno`, `fechaNacimiento`, `idDomicilio`) VALUES (48, 'Theron', 'Gibson', 'Schamberger', '2021-02-03', 48);
INSERT INTO `clientes` (`id`, `nombres`, `apellidoPaterno`, `apellidoMaterno`, `fechaNacimiento`, `idDomicilio`) VALUES (49, 'Magdalena', 'Oberbrunner', 'McLaughlin', '1976-03-20', 49);
INSERT INTO `clientes` (`id`, `nombres`, `apellidoPaterno`, `apellidoMaterno`, `fechaNacimiento`, `idDomicilio`) VALUES (50, 'Taryn', 'Treutel', 'Bernhard', '1980-12-18', 50);


#
# cuentasBancarias
#


INSERT INTO `cuentasBancarias` (`id`, `noCuenta`, `fechaApertura`, `saldoMXN`, `idCliente`) VALUES (1, '4716722733387', '1979-10-10 19:59:31', '9999.9999', 1);
INSERT INTO `cuentasBancarias` (`id`, `noCuenta`, `fechaApertura`, `saldoMXN`, `idCliente`) VALUES (2, '5102549998692497', '1989-01-31 05:18:11', '9999.9999', 2);
INSERT INTO `cuentasBancarias` (`id`, `noCuenta`, `fechaApertura`, `saldoMXN`, `idCliente`) VALUES (3, '5515265619405576', '1990-06-11 12:34:04', '70.3153', 3);
INSERT INTO `cuentasBancarias` (`id`, `noCuenta`, `fechaApertura`, `saldoMXN`, `idCliente`) VALUES (4, '4556744457729', '1977-12-07 07:11:40', '9999.9999', 4);
INSERT INTO `cuentasBancarias` (`id`, `noCuenta`, `fechaApertura`, `saldoMXN`, `idCliente`) VALUES (5, '6011045215897717', '2020-11-21 03:22:34', '9999.9999', 5);
INSERT INTO `cuentasBancarias` (`id`, `noCuenta`, `fechaApertura`, `saldoMXN`, `idCliente`) VALUES (6, '5372477076186784', '1997-04-19 08:43:24', '22.5850', 6);
INSERT INTO `cuentasBancarias` (`id`, `noCuenta`, `fechaApertura`, `saldoMXN`, `idCliente`) VALUES (7, '4716651891537741', '1994-07-20 08:29:12', '30.7700', 7);
INSERT INTO `cuentasBancarias` (`id`, `noCuenta`, `fechaApertura`, `saldoMXN`, `idCliente`) VALUES (8, '4485043416888', '2017-05-09 09:52:38', '9999.9999', 8);
INSERT INTO `cuentasBancarias` (`id`, `noCuenta`, `fechaApertura`, `saldoMXN`, `idCliente`) VALUES (9, '4539533634784', '1973-06-30 23:11:31', '9999.9999', 9);
INSERT INTO `cuentasBancarias` (`id`, `noCuenta`, `fechaApertura`, `saldoMXN`, `idCliente`) VALUES (10, '5389881339174968', '2015-06-29 22:36:27', '9999.9999', 10);
INSERT INTO `cuentasBancarias` (`id`, `noCuenta`, `fechaApertura`, `saldoMXN`, `idCliente`) VALUES (11, '5443127015894179', '2015-02-17 21:01:27', '9999.9999', 11);
INSERT INTO `cuentasBancarias` (`id`, `noCuenta`, `fechaApertura`, `saldoMXN`, `idCliente`) VALUES (12, '5145869168824887', '1973-12-06 03:38:31', '30.1596', 12);
INSERT INTO `cuentasBancarias` (`id`, `noCuenta`, `fechaApertura`, `saldoMXN`, `idCliente`) VALUES (13, '4556127640924', '2009-09-11 00:30:07', '9999.9999', 13);
INSERT INTO `cuentasBancarias` (`id`, `noCuenta`, `fechaApertura`, `saldoMXN`, `idCliente`) VALUES (14, '6011089270602917', '2017-09-26 00:58:15', '9999.9999', 14);
INSERT INTO `cuentasBancarias` (`id`, `noCuenta`, `fechaApertura`, `saldoMXN`, `idCliente`) VALUES (15, '4916470026544', '2004-04-07 22:40:57', '9999.9999', 15);
INSERT INTO `cuentasBancarias` (`id`, `noCuenta`, `fechaApertura`, `saldoMXN`, `idCliente`) VALUES (16, '4532538237971', '2010-09-16 00:07:41', '1903.9700', 16);
INSERT INTO `cuentasBancarias` (`id`, `noCuenta`, `fechaApertura`, `saldoMXN`, `idCliente`) VALUES (17, '6011870733983756', '1977-02-22 00:00:40', '3.5110', 17);
INSERT INTO `cuentasBancarias` (`id`, `noCuenta`, `fechaApertura`, `saldoMXN`, `idCliente`) VALUES (18, '5105236675804829', '1986-06-04 05:34:30', '9999.9999', 18);
INSERT INTO `cuentasBancarias` (`id`, `noCuenta`, `fechaApertura`, `saldoMXN`, `idCliente`) VALUES (19, '5415403519801352', '2004-06-26 08:33:25', '13.8399', 19);
INSERT INTO `cuentasBancarias` (`id`, `noCuenta`, `fechaApertura`, `saldoMXN`, `idCliente`) VALUES (20, '5396025842640073', '2012-12-18 22:20:14', '115.1440', 20);
INSERT INTO `cuentasBancarias` (`id`, `noCuenta`, `fechaApertura`, `saldoMXN`, `idCliente`) VALUES (21, '5523001932813740', '2010-10-29 11:38:53', '9999.9999', 21);
INSERT INTO `cuentasBancarias` (`id`, `noCuenta`, `fechaApertura`, `saldoMXN`, `idCliente`) VALUES (22, '4024007109102446', '1996-04-23 06:34:25', '9999.9999', 22);
INSERT INTO `cuentasBancarias` (`id`, `noCuenta`, `fechaApertura`, `saldoMXN`, `idCliente`) VALUES (23, '5208406963245357', '1978-07-16 03:20:35', '9999.9999', 23);
INSERT INTO `cuentasBancarias` (`id`, `noCuenta`, `fechaApertura`, `saldoMXN`, `idCliente`) VALUES (24, '4532584258037', '2002-08-10 22:43:05', '9999.9999', 24);
INSERT INTO `cuentasBancarias` (`id`, `noCuenta`, `fechaApertura`, `saldoMXN`, `idCliente`) VALUES (25, '4513818997074', '2008-10-03 20:55:32', '2.0268', 25);
INSERT INTO `cuentasBancarias` (`id`, `noCuenta`, `fechaApertura`, `saldoMXN`, `idCliente`) VALUES (26, '4485066098369886', '1995-03-25 08:20:24', '1245.9000', 26);
INSERT INTO `cuentasBancarias` (`id`, `noCuenta`, `fechaApertura`, `saldoMXN`, `idCliente`) VALUES (27, '5569746826843013', '2003-01-11 15:27:21', '0.1086', 27);
INSERT INTO `cuentasBancarias` (`id`, `noCuenta`, `fechaApertura`, `saldoMXN`, `idCliente`) VALUES (28, '5409909304330747', '2010-03-30 13:06:39', '5092.9200', 28);
INSERT INTO `cuentasBancarias` (`id`, `noCuenta`, `fechaApertura`, `saldoMXN`, `idCliente`) VALUES (29, '5539922298649401', '1973-09-15 01:22:18', '9999.9999', 29);
INSERT INTO `cuentasBancarias` (`id`, `noCuenta`, `fechaApertura`, `saldoMXN`, `idCliente`) VALUES (30, '5513272340312089', '1992-02-09 06:39:49', '4.6891', 30);
INSERT INTO `cuentasBancarias` (`id`, `noCuenta`, `fechaApertura`, `saldoMXN`, `idCliente`) VALUES (31, '5501261734627523', '2017-10-17 11:55:25', '9999.9999', 31);
INSERT INTO `cuentasBancarias` (`id`, `noCuenta`, `fechaApertura`, `saldoMXN`, `idCliente`) VALUES (32, '6011189971739248', '1981-02-04 04:07:57', '9999.9999', 32);
INSERT INTO `cuentasBancarias` (`id`, `noCuenta`, `fechaApertura`, `saldoMXN`, `idCliente`) VALUES (33, '4539765565083', '2019-10-01 17:04:43', '748.7657', 33);
INSERT INTO `cuentasBancarias` (`id`, `noCuenta`, `fechaApertura`, `saldoMXN`, `idCliente`) VALUES (34, '5516408923575435', '2009-11-01 11:45:10', '86.6900', 34);
INSERT INTO `cuentasBancarias` (`id`, `noCuenta`, `fechaApertura`, `saldoMXN`, `idCliente`) VALUES (35, '4556948926108', '1991-02-28 18:37:47', '9999.9999', 35);
INSERT INTO `cuentasBancarias` (`id`, `noCuenta`, `fechaApertura`, `saldoMXN`, `idCliente`) VALUES (36, '5287658743959246', '1991-06-23 05:33:56', '9999.9999', 36);
INSERT INTO `cuentasBancarias` (`id`, `noCuenta`, `fechaApertura`, `saldoMXN`, `idCliente`) VALUES (37, '4916648206505569', '1991-06-07 01:48:59', '9999.9999', 37);
INSERT INTO `cuentasBancarias` (`id`, `noCuenta`, `fechaApertura`, `saldoMXN`, `idCliente`) VALUES (38, '4024007125054', '2010-09-03 20:12:04', '245.0000', 38);
INSERT INTO `cuentasBancarias` (`id`, `noCuenta`, `fechaApertura`, `saldoMXN`, `idCliente`) VALUES (39, '5346107454774153', '1972-05-30 13:41:22', '9999.9999', 39);
INSERT INTO `cuentasBancarias` (`id`, `noCuenta`, `fechaApertura`, `saldoMXN`, `idCliente`) VALUES (40, '379987877980209', '1995-04-03 18:01:09', '9999.9999', 40);
INSERT INTO `cuentasBancarias` (`id`, `noCuenta`, `fechaApertura`, `saldoMXN`, `idCliente`) VALUES (41, '5190366900520125', '2009-02-03 10:29:11', '9999.9999', 41);
INSERT INTO `cuentasBancarias` (`id`, `noCuenta`, `fechaApertura`, `saldoMXN`, `idCliente`) VALUES (42, '5167092317512040', '1993-03-13 00:28:08', '9999.9999', 42);
INSERT INTO `cuentasBancarias` (`id`, `noCuenta`, `fechaApertura`, `saldoMXN`, `idCliente`) VALUES (43, '4539292890441', '1994-04-11 04:40:32', '290.6765', 43);
INSERT INTO `cuentasBancarias` (`id`, `noCuenta`, `fechaApertura`, `saldoMXN`, `idCliente`) VALUES (44, '5466089188496595', '2014-05-22 05:01:49', '22.0000', 44);
INSERT INTO `cuentasBancarias` (`id`, `noCuenta`, `fechaApertura`, `saldoMXN`, `idCliente`) VALUES (45, '372498581529725', '2022-06-15 04:58:18', '9999.9999', 45);
INSERT INTO `cuentasBancarias` (`id`, `noCuenta`, `fechaApertura`, `saldoMXN`, `idCliente`) VALUES (46, '5198445734657700', '1981-12-14 19:25:29', '9999.9999', 46);
INSERT INTO `cuentasBancarias` (`id`, `noCuenta`, `fechaApertura`, `saldoMXN`, `idCliente`) VALUES (47, '5409044901887816', '2011-05-23 17:35:07', '242.3300', 47);
INSERT INTO `cuentasBancarias` (`id`, `noCuenta`, `fechaApertura`, `saldoMXN`, `idCliente`) VALUES (48, '4716746558914215', '1978-11-17 09:49:09', '211.0000', 48);
INSERT INTO `cuentasBancarias` (`id`, `noCuenta`, `fechaApertura`, `saldoMXN`, `idCliente`) VALUES (49, '5252232237346285', '2008-06-22 00:29:39', '9999.9999', 49);
INSERT INTO `cuentasBancarias` (`id`, `noCuenta`, `fechaApertura`, `saldoMXN`, `idCliente`) VALUES (50, '4556755942759', '1972-08-29 13:40:10', '3580.4564', 50);
INSERT INTO `cuentasBancarias` (`id`, `noCuenta`, `fechaApertura`, `saldoMXN`, `idCliente`) VALUES (51, '5188487791354238', '1971-01-05 03:42:03', '53.4000', 1);
INSERT INTO `cuentasBancarias` (`id`, `noCuenta`, `fechaApertura`, `saldoMXN`, `idCliente`) VALUES (52, '371372048116506', '1979-04-02 15:53:17', '9999.9999', 2);
INSERT INTO `cuentasBancarias` (`id`, `noCuenta`, `fechaApertura`, `saldoMXN`, `idCliente`) VALUES (53, '371150624450565', '1972-09-18 23:07:54', '9999.9999', 3);
INSERT INTO `cuentasBancarias` (`id`, `noCuenta`, `fechaApertura`, `saldoMXN`, `idCliente`) VALUES (54, '4556113970429', '1985-12-20 13:35:40', '33.9482', 4);
INSERT INTO `cuentasBancarias` (`id`, `noCuenta`, `fechaApertura`, `saldoMXN`, `idCliente`) VALUES (55, '5398476904093105', '2010-08-30 14:33:17', '2.0407', 5);
INSERT INTO `cuentasBancarias` (`id`, `noCuenta`, `fechaApertura`, `saldoMXN`, `idCliente`) VALUES (56, '372903869696657', '2004-04-20 11:28:04', '9999.9999', 6);
INSERT INTO `cuentasBancarias` (`id`, `noCuenta`, `fechaApertura`, `saldoMXN`, `idCliente`) VALUES (57, '5266612680811735', '1983-06-17 20:34:50', '9999.9999', 7);
INSERT INTO `cuentasBancarias` (`id`, `noCuenta`, `fechaApertura`, `saldoMXN`, `idCliente`) VALUES (58, '4716310786393760', '1986-07-27 05:29:19', '1089.3618', 8);
INSERT INTO `cuentasBancarias` (`id`, `noCuenta`, `fechaApertura`, `saldoMXN`, `idCliente`) VALUES (59, '5332064727611075', '2006-12-21 17:30:31', '9999.9999', 9);
INSERT INTO `cuentasBancarias` (`id`, `noCuenta`, `fechaApertura`, `saldoMXN`, `idCliente`) VALUES (60, '5395850981904390', '1985-10-26 07:46:14', '18.3614', 10);
INSERT INTO `cuentasBancarias` (`id`, `noCuenta`, `fechaApertura`, `saldoMXN`, `idCliente`) VALUES (61, '377630353357882', '1991-01-03 07:32:16', '760.0000', 11);
INSERT INTO `cuentasBancarias` (`id`, `noCuenta`, `fechaApertura`, `saldoMXN`, `idCliente`) VALUES (62, '4539091184273673', '1995-03-16 14:07:12', '5937.3000', 12);
INSERT INTO `cuentasBancarias` (`id`, `noCuenta`, `fechaApertura`, `saldoMXN`, `idCliente`) VALUES (63, '5477525297079812', '1984-07-25 11:30:39', '1.9180', 13);
INSERT INTO `cuentasBancarias` (`id`, `noCuenta`, `fechaApertura`, `saldoMXN`, `idCliente`) VALUES (64, '4556478311391427', '2014-04-04 09:47:13', '0.0000', 14);
INSERT INTO `cuentasBancarias` (`id`, `noCuenta`, `fechaApertura`, `saldoMXN`, `idCliente`) VALUES (65, '5394315981373774', '2004-08-15 16:18:58', '0.0000', 15);
INSERT INTO `cuentasBancarias` (`id`, `noCuenta`, `fechaApertura`, `saldoMXN`, `idCliente`) VALUES (66, '5589915892683828', '2012-04-19 00:02:03', '248.2694', 16);
INSERT INTO `cuentasBancarias` (`id`, `noCuenta`, `fechaApertura`, `saldoMXN`, `idCliente`) VALUES (67, '4556944393723674', '2006-08-22 07:52:32', '0.0000', 17);
INSERT INTO `cuentasBancarias` (`id`, `noCuenta`, `fechaApertura`, `saldoMXN`, `idCliente`) VALUES (68, '5496489645965734', '1979-11-20 16:56:00', '9999.9999', 18);
INSERT INTO `cuentasBancarias` (`id`, `noCuenta`, `fechaApertura`, `saldoMXN`, `idCliente`) VALUES (69, '4532866213231', '2009-01-31 16:25:40', '246.6152', 19);
INSERT INTO `cuentasBancarias` (`id`, `noCuenta`, `fechaApertura`, `saldoMXN`, `idCliente`) VALUES (70, '5146986958495858', '2022-05-19 05:41:11', '9999.9999', 20);
INSERT INTO `cuentasBancarias` (`id`, `noCuenta`, `fechaApertura`, `saldoMXN`, `idCliente`) VALUES (71, '5551446462789231', '1979-01-13 04:54:13', '9999.9999', 21);
INSERT INTO `cuentasBancarias` (`id`, `noCuenta`, `fechaApertura`, `saldoMXN`, `idCliente`) VALUES (72, '4539656815785', '1995-11-09 08:35:05', '9999.9999', 22);
INSERT INTO `cuentasBancarias` (`id`, `noCuenta`, `fechaApertura`, `saldoMXN`, `idCliente`) VALUES (73, '4579531884537380', '1981-09-20 03:06:57', '9999.9999', 23);
INSERT INTO `cuentasBancarias` (`id`, `noCuenta`, `fechaApertura`, `saldoMXN`, `idCliente`) VALUES (74, '4485448336553', '1974-05-11 03:29:40', '30.0000', 24);
INSERT INTO `cuentasBancarias` (`id`, `noCuenta`, `fechaApertura`, `saldoMXN`, `idCliente`) VALUES (75, '6011648100659897', '1980-04-14 02:55:34', '11.3900', 25);
INSERT INTO `cuentasBancarias` (`id`, `noCuenta`, `fechaApertura`, `saldoMXN`, `idCliente`) VALUES (76, '4539419982453', '1980-10-26 14:39:08', '9999.9999', 26);
INSERT INTO `cuentasBancarias` (`id`, `noCuenta`, `fechaApertura`, `saldoMXN`, `idCliente`) VALUES (77, '5177920071248344', '1999-03-07 00:59:09', '0.0000', 27);
INSERT INTO `cuentasBancarias` (`id`, `noCuenta`, `fechaApertura`, `saldoMXN`, `idCliente`) VALUES (78, '4532639113131', '1983-01-07 21:59:12', '9999.9999', 28);
INSERT INTO `cuentasBancarias` (`id`, `noCuenta`, `fechaApertura`, `saldoMXN`, `idCliente`) VALUES (79, '4024007124844027', '2021-06-10 01:46:43', '9999.9999', 29);
INSERT INTO `cuentasBancarias` (`id`, `noCuenta`, `fechaApertura`, `saldoMXN`, `idCliente`) VALUES (80, '5383891400145740', '1978-12-08 15:14:18', '8506.5210', 30);
INSERT INTO `cuentasBancarias` (`id`, `noCuenta`, `fechaApertura`, `saldoMXN`, `idCliente`) VALUES (81, '5355318174568237', '1990-06-23 18:38:47', '9999.9999', 31);
INSERT INTO `cuentasBancarias` (`id`, `noCuenta`, `fechaApertura`, `saldoMXN`, `idCliente`) VALUES (82, '5554369028013586', '2000-05-07 18:29:52', '5122.4000', 32);
INSERT INTO `cuentasBancarias` (`id`, `noCuenta`, `fechaApertura`, `saldoMXN`, `idCliente`) VALUES (83, '4716351101455289', '1974-10-24 02:27:29', '9999.9999', 33);
INSERT INTO `cuentasBancarias` (`id`, `noCuenta`, `fechaApertura`, `saldoMXN`, `idCliente`) VALUES (84, '344826948598797', '1984-10-25 06:10:20', '0.0000', 34);
INSERT INTO `cuentasBancarias` (`id`, `noCuenta`, `fechaApertura`, `saldoMXN`, `idCliente`) VALUES (85, '6011943238212034', '1978-08-26 22:44:21', '3942.2049', 35);
INSERT INTO `cuentasBancarias` (`id`, `noCuenta`, `fechaApertura`, `saldoMXN`, `idCliente`) VALUES (86, '5207806260155790', '2021-09-06 18:00:10', '157.9713', 36);
INSERT INTO `cuentasBancarias` (`id`, `noCuenta`, `fechaApertura`, `saldoMXN`, `idCliente`) VALUES (87, '5492158363313477', '2002-11-27 01:17:23', '9999.9999', 37);
INSERT INTO `cuentasBancarias` (`id`, `noCuenta`, `fechaApertura`, `saldoMXN`, `idCliente`) VALUES (88, '4556250749229807', '1981-05-26 18:22:44', '719.0895', 38);
INSERT INTO `cuentasBancarias` (`id`, `noCuenta`, `fechaApertura`, `saldoMXN`, `idCliente`) VALUES (89, '4532617016917', '2012-09-25 12:25:05', '121.3400', 39);
INSERT INTO `cuentasBancarias` (`id`, `noCuenta`, `fechaApertura`, `saldoMXN`, `idCliente`) VALUES (90, '379669806851667', '2000-01-01 03:26:11', '9999.9999', 40);
INSERT INTO `cuentasBancarias` (`id`, `noCuenta`, `fechaApertura`, `saldoMXN`, `idCliente`) VALUES (91, '4490351445540711', '1989-07-03 05:06:53', '3.0000', 41);
INSERT INTO `cuentasBancarias` (`id`, `noCuenta`, `fechaApertura`, `saldoMXN`, `idCliente`) VALUES (92, '4409534261006', '2017-12-09 16:27:36', '0.0000', 42);
INSERT INTO `cuentasBancarias` (`id`, `noCuenta`, `fechaApertura`, `saldoMXN`, `idCliente`) VALUES (93, '379096595782604', '1999-11-13 10:44:27', '0.0000', 43);
INSERT INTO `cuentasBancarias` (`id`, `noCuenta`, `fechaApertura`, `saldoMXN`, `idCliente`) VALUES (94, '5460259787111659', '1996-05-15 06:01:47', '2656.1540', 44);
INSERT INTO `cuentasBancarias` (`id`, `noCuenta`, `fechaApertura`, `saldoMXN`, `idCliente`) VALUES (95, '4171608331932382', '1988-01-29 10:07:56', '9999.9999', 45);
INSERT INTO `cuentasBancarias` (`id`, `noCuenta`, `fechaApertura`, `saldoMXN`, `idCliente`) VALUES (96, '6011640303394254', '1992-05-12 10:16:45', '9999.9999', 46);
INSERT INTO `cuentasBancarias` (`id`, `noCuenta`, `fechaApertura`, `saldoMXN`, `idCliente`) VALUES (97, '4556083181449', '2019-11-26 10:59:01', '9999.9999', 47);
INSERT INTO `cuentasBancarias` (`id`, `noCuenta`, `fechaApertura`, `saldoMXN`, `idCliente`) VALUES (98, '4532210949245554', '2002-03-24 18:30:58', '180.9891', 48);
INSERT INTO `cuentasBancarias` (`id`, `noCuenta`, `fechaApertura`, `saldoMXN`, `idCliente`) VALUES (99, '5517368479425437', '1995-07-12 01:16:29', '9999.9999', 49);
INSERT INTO `cuentasBancarias` (`id`, `noCuenta`, `fechaApertura`, `saldoMXN`, `idCliente`) VALUES (100, '5384921350734978', '1991-04-13 19:36:27', '1331.4877', 50);



#
# Operaciones
#


INSERT INTO `operaciones` (`id`, `tipoOperacion`, `fechaHora`, `detalles`, `idCliente`) VALUES (1, 'actualizacion', '1971-10-13 16:10:00', 'https://loremflickr.com/640/480/', 1);
INSERT INTO `operaciones` (`id`, `tipoOperacion`, `fechaHora`, `detalles`, `idCliente`) VALUES (2, 'transferencia', '1976-03-31 10:09:08', 'https://loremflickr.com/640/480/', 2);
INSERT INTO `operaciones` (`id`, `tipoOperacion`, `fechaHora`, `detalles`, `idCliente`) VALUES (3, 'actualizacion', '2022-07-12 11:37:10', 'https://loremflickr.com/640/480/', 3);
INSERT INTO `operaciones` (`id`, `tipoOperacion`, `fechaHora`, `detalles`, `idCliente`) VALUES (4, 'retiro', '1994-12-31 23:37:11', 'https://loremflickr.com/640/480/', 4);
INSERT INTO `operaciones` (`id`, `tipoOperacion`, `fechaHora`, `detalles`, `idCliente`) VALUES (5, 'actualizacion', '2015-04-11 16:56:57', 'https://loremflickr.com/640/480/', 5);
INSERT INTO `operaciones` (`id`, `tipoOperacion`, `fechaHora`, `detalles`, `idCliente`) VALUES (6, 'retiro', '1989-01-18 10:38:31', 'https://loremflickr.com/640/480/', 6);
INSERT INTO `operaciones` (`id`, `tipoOperacion`, `fechaHora`, `detalles`, `idCliente`) VALUES (7, 'transferencia', '1979-01-27 10:15:41', 'https://loremflickr.com/640/480/', 7);
INSERT INTO `operaciones` (`id`, `tipoOperacion`, `fechaHora`, `detalles`, `idCliente`) VALUES (8, 'retiro', '1999-06-25 19:49:18', 'https://loremflickr.com/640/480/', 8);
INSERT INTO `operaciones` (`id`, `tipoOperacion`, `fechaHora`, `detalles`, `idCliente`) VALUES (9, 'transferencia', '1973-08-17 03:24:36', 'https://loremflickr.com/640/480/', 9);
INSERT INTO `operaciones` (`id`, `tipoOperacion`, `fechaHora`, `detalles`, `idCliente`) VALUES (10, 'retiro', '1989-06-02 13:06:55', 'https://loremflickr.com/640/480/', 10);
INSERT INTO `operaciones` (`id`, `tipoOperacion`, `fechaHora`, `detalles`, `idCliente`) VALUES (11, 'actualizacion', '1992-04-23 17:53:15', 'https://loremflickr.com/640/480/', 11);
INSERT INTO `operaciones` (`id`, `tipoOperacion`, `fechaHora`, `detalles`, `idCliente`) VALUES (12, 'retiro', '1992-04-08 13:45:40', 'https://loremflickr.com/640/480/', 12);
INSERT INTO `operaciones` (`id`, `tipoOperacion`, `fechaHora`, `detalles`, `idCliente`) VALUES (13, 'retiro', '2007-02-11 13:19:14', 'https://loremflickr.com/640/480/', 13);
INSERT INTO `operaciones` (`id`, `tipoOperacion`, `fechaHora`, `detalles`, `idCliente`) VALUES (14, 'actualizacion', '1975-12-29 18:17:29', 'https://loremflickr.com/640/480/', 14);
INSERT INTO `operaciones` (`id`, `tipoOperacion`, `fechaHora`, `detalles`, `idCliente`) VALUES (15, 'transferencia', '1998-04-19 13:39:57', 'https://loremflickr.com/640/480/', 15);
INSERT INTO `operaciones` (`id`, `tipoOperacion`, `fechaHora`, `detalles`, `idCliente`) VALUES (16, 'actualizacion', '1984-02-17 00:54:18', 'https://loremflickr.com/640/480/', 16);
INSERT INTO `operaciones` (`id`, `tipoOperacion`, `fechaHora`, `detalles`, `idCliente`) VALUES (17, 'retiro', '1977-06-16 01:42:12', 'https://loremflickr.com/640/480/', 17);
INSERT INTO `operaciones` (`id`, `tipoOperacion`, `fechaHora`, `detalles`, `idCliente`) VALUES (18, 'transferencia', '1988-09-19 15:17:00', 'https://loremflickr.com/640/480/', 18);
INSERT INTO `operaciones` (`id`, `tipoOperacion`, `fechaHora`, `detalles`, `idCliente`) VALUES (19, 'retiro', '2004-06-01 13:56:26', 'https://loremflickr.com/640/480/', 19);
INSERT INTO `operaciones` (`id`, `tipoOperacion`, `fechaHora`, `detalles`, `idCliente`) VALUES (20, 'retiro', '1996-04-02 21:59:09', 'https://loremflickr.com/640/480/', 20);
INSERT INTO `operaciones` (`id`, `tipoOperacion`, `fechaHora`, `detalles`, `idCliente`) VALUES (21, 'transferencia', '1971-02-12 17:39:41', 'https://loremflickr.com/640/480/', 21);
INSERT INTO `operaciones` (`id`, `tipoOperacion`, `fechaHora`, `detalles`, `idCliente`) VALUES (22, 'transferencia', '2003-10-09 05:04:28', 'https://loremflickr.com/640/480/', 22);
INSERT INTO `operaciones` (`id`, `tipoOperacion`, `fechaHora`, `detalles`, `idCliente`) VALUES (23, 'retiro', '1970-09-11 12:17:10', 'https://loremflickr.com/640/480/', 23);
INSERT INTO `operaciones` (`id`, `tipoOperacion`, `fechaHora`, `detalles`, `idCliente`) VALUES (24, 'transferencia', '2005-07-10 02:02:29', 'https://loremflickr.com/640/480/', 24);
INSERT INTO `operaciones` (`id`, `tipoOperacion`, `fechaHora`, `detalles`, `idCliente`) VALUES (25, 'transferencia', '2008-05-25 03:02:07', 'https://loremflickr.com/640/480/', 25);
INSERT INTO `operaciones` (`id`, `tipoOperacion`, `fechaHora`, `detalles`, `idCliente`) VALUES (26, 'actualizacion', '1995-05-25 02:05:23', 'https://loremflickr.com/640/480/', 26);
INSERT INTO `operaciones` (`id`, `tipoOperacion`, `fechaHora`, `detalles`, `idCliente`) VALUES (27, 'actualizacion', '1985-03-03 18:41:38', 'https://loremflickr.com/640/480/', 27);
INSERT INTO `operaciones` (`id`, `tipoOperacion`, `fechaHora`, `detalles`, `idCliente`) VALUES (28, 'actualizacion', '1988-08-26 01:09:03', 'https://loremflickr.com/640/480/', 28);
INSERT INTO `operaciones` (`id`, `tipoOperacion`, `fechaHora`, `detalles`, `idCliente`) VALUES (29, 'retiro', '1972-10-10 19:51:01', 'https://loremflickr.com/640/480/', 29);
INSERT INTO `operaciones` (`id`, `tipoOperacion`, `fechaHora`, `detalles`, `idCliente`) VALUES (30, 'transferencia', '2016-10-03 19:44:26', 'https://loremflickr.com/640/480/', 30);
INSERT INTO `operaciones` (`id`, `tipoOperacion`, `fechaHora`, `detalles`, `idCliente`) VALUES (31, 'transferencia', '2021-06-14 18:27:44', 'https://loremflickr.com/640/480/', 31);
INSERT INTO `operaciones` (`id`, `tipoOperacion`, `fechaHora`, `detalles`, `idCliente`) VALUES (32, 'actualizacion', '1994-12-25 11:32:08', 'https://loremflickr.com/640/480/', 32);
INSERT INTO `operaciones` (`id`, `tipoOperacion`, `fechaHora`, `detalles`, `idCliente`) VALUES (33, 'retiro', '1985-06-19 08:43:11', 'https://loremflickr.com/640/480/', 33);
INSERT INTO `operaciones` (`id`, `tipoOperacion`, `fechaHora`, `detalles`, `idCliente`) VALUES (34, 'transferencia', '1979-02-03 09:54:35', 'https://loremflickr.com/640/480/', 34);
INSERT INTO `operaciones` (`id`, `tipoOperacion`, `fechaHora`, `detalles`, `idCliente`) VALUES (35, 'retiro', '1994-12-27 12:24:23', 'https://loremflickr.com/640/480/', 35);
INSERT INTO `operaciones` (`id`, `tipoOperacion`, `fechaHora`, `detalles`, `idCliente`) VALUES (36, 'retiro', '1984-04-20 04:26:50', 'https://loremflickr.com/640/480/', 36);
INSERT INTO `operaciones` (`id`, `tipoOperacion`, `fechaHora`, `detalles`, `idCliente`) VALUES (37, 'actualizacion', '1991-07-22 09:51:18', 'https://loremflickr.com/640/480/', 37);
INSERT INTO `operaciones` (`id`, `tipoOperacion`, `fechaHora`, `detalles`, `idCliente`) VALUES (38, 'actualizacion', '1992-11-05 12:38:24', 'https://loremflickr.com/640/480/', 38);
INSERT INTO `operaciones` (`id`, `tipoOperacion`, `fechaHora`, `detalles`, `idCliente`) VALUES (39, 'retiro', '1981-12-09 21:02:20', 'https://loremflickr.com/640/480/', 39);
INSERT INTO `operaciones` (`id`, `tipoOperacion`, `fechaHora`, `detalles`, `idCliente`) VALUES (40, 'transferencia', '1997-04-11 22:25:23', 'https://loremflickr.com/640/480/', 40);
INSERT INTO `operaciones` (`id`, `tipoOperacion`, `fechaHora`, `detalles`, `idCliente`) VALUES (41, 'transferencia', '2003-02-04 18:22:09', 'https://loremflickr.com/640/480/', 41);
INSERT INTO `operaciones` (`id`, `tipoOperacion`, `fechaHora`, `detalles`, `idCliente`) VALUES (42, 'actualizacion', '2001-02-05 09:59:36', 'https://loremflickr.com/640/480/', 42);
INSERT INTO `operaciones` (`id`, `tipoOperacion`, `fechaHora`, `detalles`, `idCliente`) VALUES (43, 'actualizacion', '2005-04-13 21:13:23', 'https://loremflickr.com/640/480/', 43);
INSERT INTO `operaciones` (`id`, `tipoOperacion`, `fechaHora`, `detalles`, `idCliente`) VALUES (44, 'actualizacion', '1989-04-05 14:22:40', 'https://loremflickr.com/640/480/', 44);
INSERT INTO `operaciones` (`id`, `tipoOperacion`, `fechaHora`, `detalles`, `idCliente`) VALUES (45, 'transferencia', '1979-09-21 16:36:53', 'https://loremflickr.com/640/480/', 45);
INSERT INTO `operaciones` (`id`, `tipoOperacion`, `fechaHora`, `detalles`, `idCliente`) VALUES (46, 'retiro', '1988-11-16 00:35:40', 'https://loremflickr.com/640/480/', 46);
INSERT INTO `operaciones` (`id`, `tipoOperacion`, `fechaHora`, `detalles`, `idCliente`) VALUES (47, 'transferencia', '1989-01-19 05:25:30', 'https://loremflickr.com/640/480/', 47);
INSERT INTO `operaciones` (`id`, `tipoOperacion`, `fechaHora`, `detalles`, `idCliente`) VALUES (48, 'transferencia', '1981-01-30 22:14:09', 'https://loremflickr.com/640/480/', 48);
INSERT INTO `operaciones` (`id`, `tipoOperacion`, `fechaHora`, `detalles`, `idCliente`) VALUES (49, 'retiro', '1993-04-04 08:43:40', 'https://loremflickr.com/640/480/', 49);
INSERT INTO `operaciones` (`id`, `tipoOperacion`, `fechaHora`, `detalles`, `idCliente`) VALUES (50, 'retiro', '2003-04-17 22:58:54', 'https://loremflickr.com/640/480/', 50);
INSERT INTO `operaciones` (`id`, `tipoOperacion`, `fechaHora`, `detalles`, `idCliente`) VALUES (51, 'transferencia', '2007-01-20 09:22:08', 'https://loremflickr.com/640/480/', 1);
INSERT INTO `operaciones` (`id`, `tipoOperacion`, `fechaHora`, `detalles`, `idCliente`) VALUES (52, 'retiro', '1993-03-29 08:13:43', 'https://loremflickr.com/640/480/', 2);
INSERT INTO `operaciones` (`id`, `tipoOperacion`, `fechaHora`, `detalles`, `idCliente`) VALUES (53, 'actualizacion', '1985-04-13 20:19:43', 'https://loremflickr.com/640/480/', 3);
INSERT INTO `operaciones` (`id`, `tipoOperacion`, `fechaHora`, `detalles`, `idCliente`) VALUES (54, 'retiro', '2003-10-03 13:21:51', 'https://loremflickr.com/640/480/', 4);
INSERT INTO `operaciones` (`id`, `tipoOperacion`, `fechaHora`, `detalles`, `idCliente`) VALUES (55, 'actualizacion', '2014-10-31 11:32:54', 'https://loremflickr.com/640/480/', 5);
INSERT INTO `operaciones` (`id`, `tipoOperacion`, `fechaHora`, `detalles`, `idCliente`) VALUES (56, 'transferencia', '2002-08-03 10:21:48', 'https://loremflickr.com/640/480/', 6);
INSERT INTO `operaciones` (`id`, `tipoOperacion`, `fechaHora`, `detalles`, `idCliente`) VALUES (57, 'actualizacion', '1972-03-18 10:34:15', 'https://loremflickr.com/640/480/', 7);
INSERT INTO `operaciones` (`id`, `tipoOperacion`, `fechaHora`, `detalles`, `idCliente`) VALUES (58, 'actualizacion', '1984-10-28 19:29:02', 'https://loremflickr.com/640/480/', 8);
INSERT INTO `operaciones` (`id`, `tipoOperacion`, `fechaHora`, `detalles`, `idCliente`) VALUES (59, 'actualizacion', '1975-03-14 07:55:13', 'https://loremflickr.com/640/480/', 9);
INSERT INTO `operaciones` (`id`, `tipoOperacion`, `fechaHora`, `detalles`, `idCliente`) VALUES (60, 'actualizacion', '1978-10-14 01:10:00', 'https://loremflickr.com/640/480/', 10);
INSERT INTO `operaciones` (`id`, `tipoOperacion`, `fechaHora`, `detalles`, `idCliente`) VALUES (61, 'actualizacion', '1988-10-17 16:15:27', 'https://loremflickr.com/640/480/', 11);
INSERT INTO `operaciones` (`id`, `tipoOperacion`, `fechaHora`, `detalles`, `idCliente`) VALUES (62, 'actualizacion', '1976-10-14 06:05:45', 'https://loremflickr.com/640/480/', 12);
INSERT INTO `operaciones` (`id`, `tipoOperacion`, `fechaHora`, `detalles`, `idCliente`) VALUES (63, 'transferencia', '2015-07-20 22:32:16', 'https://loremflickr.com/640/480/', 13);
INSERT INTO `operaciones` (`id`, `tipoOperacion`, `fechaHora`, `detalles`, `idCliente`) VALUES (64, 'retiro', '2002-10-17 06:34:11', 'https://loremflickr.com/640/480/', 14);
INSERT INTO `operaciones` (`id`, `tipoOperacion`, `fechaHora`, `detalles`, `idCliente`) VALUES (65, 'retiro', '2022-09-25 06:35:31', 'https://loremflickr.com/640/480/', 15);
INSERT INTO `operaciones` (`id`, `tipoOperacion`, `fechaHora`, `detalles`, `idCliente`) VALUES (66, 'actualizacion', '2010-03-25 22:42:33', 'https://loremflickr.com/640/480/', 16);
INSERT INTO `operaciones` (`id`, `tipoOperacion`, `fechaHora`, `detalles`, `idCliente`) VALUES (67, 'actualizacion', '2005-08-21 17:29:41', 'https://loremflickr.com/640/480/', 17);
INSERT INTO `operaciones` (`id`, `tipoOperacion`, `fechaHora`, `detalles`, `idCliente`) VALUES (68, 'actualizacion', '1996-10-15 08:37:31', 'https://loremflickr.com/640/480/', 18);
INSERT INTO `operaciones` (`id`, `tipoOperacion`, `fechaHora`, `detalles`, `idCliente`) VALUES (69, 'actualizacion', '1979-07-28 07:47:39', 'https://loremflickr.com/640/480/', 19);
INSERT INTO `operaciones` (`id`, `tipoOperacion`, `fechaHora`, `detalles`, `idCliente`) VALUES (70, 'transferencia', '1996-09-04 11:29:24', 'https://loremflickr.com/640/480/', 20);
INSERT INTO `operaciones` (`id`, `tipoOperacion`, `fechaHora`, `detalles`, `idCliente`) VALUES (71, 'transferencia', '2012-06-11 08:45:36', 'https://loremflickr.com/640/480/', 21);
INSERT INTO `operaciones` (`id`, `tipoOperacion`, `fechaHora`, `detalles`, `idCliente`) VALUES (72, 'retiro', '2001-03-18 00:47:21', 'https://loremflickr.com/640/480/', 22);
INSERT INTO `operaciones` (`id`, `tipoOperacion`, `fechaHora`, `detalles`, `idCliente`) VALUES (73, 'transferencia', '1992-04-28 14:21:53', 'https://loremflickr.com/640/480/', 23);
INSERT INTO `operaciones` (`id`, `tipoOperacion`, `fechaHora`, `detalles`, `idCliente`) VALUES (74, 'retiro', '1988-01-09 10:47:25', 'https://loremflickr.com/640/480/', 24);
INSERT INTO `operaciones` (`id`, `tipoOperacion`, `fechaHora`, `detalles`, `idCliente`) VALUES (75, 'transferencia', '1994-06-16 09:10:33', 'https://loremflickr.com/640/480/', 25);
INSERT INTO `operaciones` (`id`, `tipoOperacion`, `fechaHora`, `detalles`, `idCliente`) VALUES (76, 'transferencia', '2010-07-08 16:02:35', 'https://loremflickr.com/640/480/', 26);
INSERT INTO `operaciones` (`id`, `tipoOperacion`, `fechaHora`, `detalles`, `idCliente`) VALUES (77, 'actualizacion', '2004-01-29 21:31:30', 'https://loremflickr.com/640/480/', 27);
INSERT INTO `operaciones` (`id`, `tipoOperacion`, `fechaHora`, `detalles`, `idCliente`) VALUES (78, 'transferencia', '1973-01-16 03:23:45', 'https://loremflickr.com/640/480/', 28);
INSERT INTO `operaciones` (`id`, `tipoOperacion`, `fechaHora`, `detalles`, `idCliente`) VALUES (79, 'retiro', '2003-12-25 07:56:33', 'https://loremflickr.com/640/480/', 29);
INSERT INTO `operaciones` (`id`, `tipoOperacion`, `fechaHora`, `detalles`, `idCliente`) VALUES (80, 'actualizacion', '2007-07-26 14:59:27', 'https://loremflickr.com/640/480/', 30);
INSERT INTO `operaciones` (`id`, `tipoOperacion`, `fechaHora`, `detalles`, `idCliente`) VALUES (81, 'actualizacion', '1975-12-14 18:51:16', 'https://loremflickr.com/640/480/', 31);
INSERT INTO `operaciones` (`id`, `tipoOperacion`, `fechaHora`, `detalles`, `idCliente`) VALUES (82, 'retiro', '1977-03-28 02:09:03', 'https://loremflickr.com/640/480/', 32);
INSERT INTO `operaciones` (`id`, `tipoOperacion`, `fechaHora`, `detalles`, `idCliente`) VALUES (83, 'retiro', '2012-08-31 09:55:18', 'https://loremflickr.com/640/480/', 33);
INSERT INTO `operaciones` (`id`, `tipoOperacion`, `fechaHora`, `detalles`, `idCliente`) VALUES (84, 'transferencia', '1973-01-01 03:20:07', 'https://loremflickr.com/640/480/', 34);
INSERT INTO `operaciones` (`id`, `tipoOperacion`, `fechaHora`, `detalles`, `idCliente`) VALUES (85, 'transferencia', '2011-08-20 21:27:31', 'https://loremflickr.com/640/480/', 35);
INSERT INTO `operaciones` (`id`, `tipoOperacion`, `fechaHora`, `detalles`, `idCliente`) VALUES (86, 'actualizacion', '2014-12-29 11:36:37', 'https://loremflickr.com/640/480/', 36);
INSERT INTO `operaciones` (`id`, `tipoOperacion`, `fechaHora`, `detalles`, `idCliente`) VALUES (87, 'transferencia', '2006-12-07 02:30:02', 'https://loremflickr.com/640/480/', 37);
INSERT INTO `operaciones` (`id`, `tipoOperacion`, `fechaHora`, `detalles`, `idCliente`) VALUES (88, 'retiro', '2005-01-26 02:20:39', 'https://loremflickr.com/640/480/', 38);
INSERT INTO `operaciones` (`id`, `tipoOperacion`, `fechaHora`, `detalles`, `idCliente`) VALUES (89, 'actualizacion', '2019-01-11 05:56:23', 'https://loremflickr.com/640/480/', 39);
INSERT INTO `operaciones` (`id`, `tipoOperacion`, `fechaHora`, `detalles`, `idCliente`) VALUES (90, 'actualizacion', '2016-03-18 08:44:40', 'https://loremflickr.com/640/480/', 40);
INSERT INTO `operaciones` (`id`, `tipoOperacion`, `fechaHora`, `detalles`, `idCliente`) VALUES (91, 'transferencia', '1999-10-08 15:15:38', 'https://loremflickr.com/640/480/', 41);
INSERT INTO `operaciones` (`id`, `tipoOperacion`, `fechaHora`, `detalles`, `idCliente`) VALUES (92, 'actualizacion', '1994-06-15 13:06:23', 'https://loremflickr.com/640/480/', 42);
INSERT INTO `operaciones` (`id`, `tipoOperacion`, `fechaHora`, `detalles`, `idCliente`) VALUES (93, 'actualizacion', '2008-11-06 11:43:10', 'https://loremflickr.com/640/480/', 43);
INSERT INTO `operaciones` (`id`, `tipoOperacion`, `fechaHora`, `detalles`, `idCliente`) VALUES (94, 'transferencia', '1997-02-25 06:10:04', 'https://loremflickr.com/640/480/', 44);
INSERT INTO `operaciones` (`id`, `tipoOperacion`, `fechaHora`, `detalles`, `idCliente`) VALUES (95, 'transferencia', '2002-01-10 02:14:11', 'https://loremflickr.com/640/480/', 45);
INSERT INTO `operaciones` (`id`, `tipoOperacion`, `fechaHora`, `detalles`, `idCliente`) VALUES (96, 'retiro', '1990-04-04 15:45:43', 'https://loremflickr.com/640/480/', 46);
INSERT INTO `operaciones` (`id`, `tipoOperacion`, `fechaHora`, `detalles`, `idCliente`) VALUES (97, 'actualizacion', '1986-12-11 16:48:59', 'https://loremflickr.com/640/480/', 47);
INSERT INTO `operaciones` (`id`, `tipoOperacion`, `fechaHora`, `detalles`, `idCliente`) VALUES (98, 'retiro', '2011-03-24 22:24:13', 'https://loremflickr.com/640/480/', 48);
INSERT INTO `operaciones` (`id`, `tipoOperacion`, `fechaHora`, `detalles`, `idCliente`) VALUES (99, 'transferencia', '2004-11-11 22:04:59', 'https://loremflickr.com/640/480/', 49);
INSERT INTO `operaciones` (`id`, `tipoOperacion`, `fechaHora`, `detalles`, `idCliente`) VALUES (100, 'retiro', '1972-05-11 22:09:36', 'https://loremflickr.com/640/480/', 50);


#
# retirosSinCuenta
#

INSERT INTO `retirosSinCuenta` (`id`, `password`, `monto`, `folio`, `idCuentaBancaria`) VALUES (1, '833928693e35a2cabb65c9fde27e203694fc18ac', '0.0000', '126588013', 1);
INSERT INTO `retirosSinCuenta` (`id`, `password`, `monto`, `folio`, `idCuentaBancaria`) VALUES (2, '9bab196034d4e897b6abf94bd456929c255e2ec8', '9999.9999', '902198847', 2);
INSERT INTO `retirosSinCuenta` (`id`, `password`, `monto`, `folio`, `idCuentaBancaria`) VALUES (3, '36b62131fbe5f6ff2f668064d51017fe7edce10d', '0.0000', '304671813', 3);
INSERT INTO `retirosSinCuenta` (`id`, `password`, `monto`, `folio`, `idCuentaBancaria`) VALUES (4, '560b0ba16a23de2b86ed46598d5b75a6f16a5700', '0.0000', '194790584', 4);
INSERT INTO `retirosSinCuenta` (`id`, `password`, `monto`, `folio`, `idCuentaBancaria`) VALUES (5, '711e6f3e094bd0523fa9257bb13ffbb6ef4c2e5f', '328.9685', '400714326', 5);
INSERT INTO `retirosSinCuenta` (`id`, `password`, `monto`, `folio`, `idCuentaBancaria`) VALUES (6, 'f0e09401ea247d7efdad4788c0e712fd1d9c9954', '3979.0682', '616779182', 6);
INSERT INTO `retirosSinCuenta` (`id`, `password`, `monto`, `folio`, `idCuentaBancaria`) VALUES (7, 'cff30889550b8c99fb484580e2af533452b80403', '145.9530', '171794130', 7);
INSERT INTO `retirosSinCuenta` (`id`, `password`, `monto`, `folio`, `idCuentaBancaria`) VALUES (8, 'fde78c3ebbe7ae436e4803d1e5de0f6e0e4cfdfd', '2.9939', '464795915', 8);
INSERT INTO `retirosSinCuenta` (`id`, `password`, `monto`, `folio`, `idCuentaBancaria`) VALUES (9, 'daed0fbf09e83f9f5364dcc2f8d78801d1e03003', '9999.9999', '479089591', 9);
INSERT INTO `retirosSinCuenta` (`id`, `password`, `monto`, `folio`, `idCuentaBancaria`) VALUES (10, '27b0d5a8752f7e60db4e160aa90798f69237f888', '9999.9999', '812807830', 10);
INSERT INTO `retirosSinCuenta` (`id`, `password`, `monto`, `folio`, `idCuentaBancaria`) VALUES (11, '080d118d3f2e6baf7b1ffec7a2852739c4ab884b', '9999.9999', '750085080', 11);
INSERT INTO `retirosSinCuenta` (`id`, `password`, `monto`, `folio`, `idCuentaBancaria`) VALUES (12, '8f585fc7393d49ab2a6818a82d6b1c5b5b7e0e19', '9999.9999', '60497010', 12);
INSERT INTO `retirosSinCuenta` (`id`, `password`, `monto`, `folio`, `idCuentaBancaria`) VALUES (13, '3effe92d7cee5693a7e604e96c2e0a99899aaf69', '9999.9999', '609000669', 13);
INSERT INTO `retirosSinCuenta` (`id`, `password`, `monto`, `folio`, `idCuentaBancaria`) VALUES (14, 'c98e9fa0f0e136e7e0982f1859b64435574bfccd', '0.1600', '654659229', 14);
INSERT INTO `retirosSinCuenta` (`id`, `password`, `monto`, `folio`, `idCuentaBancaria`) VALUES (15, '41cd8d1c5c149e7e987a3bcc45616b97f967e1b6', '9999.9999', '311578915', 15);
INSERT INTO `retirosSinCuenta` (`id`, `password`, `monto`, `folio`, `idCuentaBancaria`) VALUES (16, '94a7d90a89d5b2362a981c74a605546be3635046', '1582.8083', '287486222', 16);
INSERT INTO `retirosSinCuenta` (`id`, `password`, `monto`, `folio`, `idCuentaBancaria`) VALUES (17, 'c003f451173ad847e8aa19289f50c84bb6b3fb9c', '9999.9999', '720201815', 17);
INSERT INTO `retirosSinCuenta` (`id`, `password`, `monto`, `folio`, `idCuentaBancaria`) VALUES (18, 'fc16ce984c3ce8a404aac59b1b56abcc558d840c', '10.6000', '67563968', 18);
INSERT INTO `retirosSinCuenta` (`id`, `password`, `monto`, `folio`, `idCuentaBancaria`) VALUES (19, '54e0215a4b4edcf9941bac38e03e0e6c15cb4e7d', '9999.9999', '861853291', 19);
INSERT INTO `retirosSinCuenta` (`id`, `password`, `monto`, `folio`, `idCuentaBancaria`) VALUES (20, 'c08461dbbd0d208836bc41a57df5588a4f0f7324', '9999.9999', '544230508', 20);
INSERT INTO `retirosSinCuenta` (`id`, `password`, `monto`, `folio`, `idCuentaBancaria`) VALUES (21, '40fc7da743fde8a16709eb4caba101989e908ed2', '9999.9999', '224895755', 21);
INSERT INTO `retirosSinCuenta` (`id`, `password`, `monto`, `folio`, `idCuentaBancaria`) VALUES (22, 'da91ce340ad1a694b92971a6002841d3fc661e14', '9999.9999', '244278178', 22);
INSERT INTO `retirosSinCuenta` (`id`, `password`, `monto`, `folio`, `idCuentaBancaria`) VALUES (23, 'b9b516b6f6f6c5c7afbd34777d5e5078d51ecbb9', '9999.9999', '255996511', 23);
INSERT INTO `retirosSinCuenta` (`id`, `password`, `monto`, `folio`, `idCuentaBancaria`) VALUES (24, '6226c7866ebc2fefd26a8b49a7e01f3f91c1464b', '0.0000', '144693727', 24);
INSERT INTO `retirosSinCuenta` (`id`, `password`, `monto`, `folio`, `idCuentaBancaria`) VALUES (25, 'ac1307ba4636940ad2eccb761bcb8733c6bb1a35', '9999.9999', '354322324', 25);
INSERT INTO `retirosSinCuenta` (`id`, `password`, `monto`, `folio`, `idCuentaBancaria`) VALUES (26, '6579bd1483d88633723ef1dca52874c46b08bb03', '9999.9999', '604192687', 26);
INSERT INTO `retirosSinCuenta` (`id`, `password`, `monto`, `folio`, `idCuentaBancaria`) VALUES (27, '1c99d7bf19cca47b40e8267343c86ecfd9e00850', '9999.9999', '266472892', 27);
INSERT INTO `retirosSinCuenta` (`id`, `password`, `monto`, `folio`, `idCuentaBancaria`) VALUES (28, '10a133978c24a0ba33678406618f4644be0ec3fd', '36.7000', '218568731', 28);
INSERT INTO `retirosSinCuenta` (`id`, `password`, `monto`, `folio`, `idCuentaBancaria`) VALUES (29, '5fa692f8abb92f75a830fe36b520b4f3dbca7b38', '1967.2110', '876351566', 29);
INSERT INTO `retirosSinCuenta` (`id`, `password`, `monto`, `folio`, `idCuentaBancaria`) VALUES (30, 'ad6213963b170b312613408a07e2e0497118e7ba', '270.8150', '533965897', 30);
INSERT INTO `retirosSinCuenta` (`id`, `password`, `monto`, `folio`, `idCuentaBancaria`) VALUES (31, '45ef345217a1183418cf14dd1c42803f6da4c3db', '9999.9999', '342044071', 31);
INSERT INTO `retirosSinCuenta` (`id`, `password`, `monto`, `folio`, `idCuentaBancaria`) VALUES (32, '5da0bd2c6681fff4a9faa0b7749c812887b89258', '117.0000', '804564617', 32);
INSERT INTO `retirosSinCuenta` (`id`, `password`, `monto`, `folio`, `idCuentaBancaria`) VALUES (33, 'c2a1e63daad30d84f92bf29b8ae4ba1b146025b6', '0.0000', '219925831', 33);
INSERT INTO `retirosSinCuenta` (`id`, `password`, `monto`, `folio`, `idCuentaBancaria`) VALUES (34, '3fcb262ce9eb6a25336972419c2523f438698972', '2422.0000', '222530771', 34);
INSERT INTO `retirosSinCuenta` (`id`, `password`, `monto`, `folio`, `idCuentaBancaria`) VALUES (35, 'fc62ab5aa19324ac095c64e034f2c2aeafee61c7', '176.3700', '435185034', 35);
INSERT INTO `retirosSinCuenta` (`id`, `password`, `monto`, `folio`, `idCuentaBancaria`) VALUES (36, '40142a0046d0a481ddde5b118feda4cfe10102cf', '10.5286', '355675322', 36);
INSERT INTO `retirosSinCuenta` (`id`, `password`, `monto`, `folio`, `idCuentaBancaria`) VALUES (37, '8e392207b7c13dc4b132313a082c6e8d6319e729', '1545.7185', '705124214', 37);
INSERT INTO `retirosSinCuenta` (`id`, `password`, `monto`, `folio`, `idCuentaBancaria`) VALUES (38, '57b66f9864bbd002bdbc774c29ced6aca0b8de17', '54.3000', '418888578', 38);
INSERT INTO `retirosSinCuenta` (`id`, `password`, `monto`, `folio`, `idCuentaBancaria`) VALUES (39, 'e3192617667a322c55e4b158df3ecebc532ca195', '9999.9999', '366244921', 39);
INSERT INTO `retirosSinCuenta` (`id`, `password`, `monto`, `folio`, `idCuentaBancaria`) VALUES (40, '083ce7b2c46f038d66157067748edd8c8f3ea08c', '9999.9999', '292741775', 40);
INSERT INTO `retirosSinCuenta` (`id`, `password`, `monto`, `folio`, `idCuentaBancaria`) VALUES (41, 'e48117fddcf1099232e781b229816bd720ad43a3', '0.0000', '21522612', 41);
INSERT INTO `retirosSinCuenta` (`id`, `password`, `monto`, `folio`, `idCuentaBancaria`) VALUES (42, 'dadc9ead5eb33a21b1d3b5ebc8f920ce7aa504c9', '1080.5335', '226066147', 42);
INSERT INTO `retirosSinCuenta` (`id`, `password`, `monto`, `folio`, `idCuentaBancaria`) VALUES (43, '5bf1c464a3b6f3bf4fad9aa0d6d3ec1c080a2f6b', '9999.9999', '564820526', 43);
INSERT INTO `retirosSinCuenta` (`id`, `password`, `monto`, `folio`, `idCuentaBancaria`) VALUES (44, 'e3d3f46406fd4f21faca3a72fa9a0fb631d99ee4', '9999.9999', '180821215', 44);
INSERT INTO `retirosSinCuenta` (`id`, `password`, `monto`, `folio`, `idCuentaBancaria`) VALUES (45, '00e54e24ae7184ca47e9ab45343d67ccf7e34776', '5699.8000', '760966788', 45);
INSERT INTO `retirosSinCuenta` (`id`, `password`, `monto`, `folio`, `idCuentaBancaria`) VALUES (46, 'b39500e7f7e44d658c5c9dfaeeb1b2812a5cebea', '48.4000', '636752738', 46);
INSERT INTO `retirosSinCuenta` (`id`, `password`, `monto`, `folio`, `idCuentaBancaria`) VALUES (47, '12464d2b896e7166ddfaf22523d4c8096cc556d5', '1.4300', '123724344', 47);
INSERT INTO `retirosSinCuenta` (`id`, `password`, `monto`, `folio`, `idCuentaBancaria`) VALUES (48, 'e8add88d6ea18155a41fdc97056a10728557ac22', '0.0000', '537596695', 48);
INSERT INTO `retirosSinCuenta` (`id`, `password`, `monto`, `folio`, `idCuentaBancaria`) VALUES (49, '807ce5f9fa4524ee626bfabe094e566f8871cd0c', '9999.9999', '774941097', 49);
INSERT INTO `retirosSinCuenta` (`id`, `password`, `monto`, `folio`, `idCuentaBancaria`) VALUES (50, '5868e9949890448aaf85c899a092e1f019ae457e', '79.4990', '554619449', 50);
INSERT INTO `retirosSinCuenta` (`id`, `password`, `monto`, `folio`, `idCuentaBancaria`) VALUES (51, '585c73413b660c1e2986c98abe16a3708ca7d405', '821.3000', '716663646', 51);
INSERT INTO `retirosSinCuenta` (`id`, `password`, `monto`, `folio`, `idCuentaBancaria`) VALUES (52, '4b2bd982e277d630faef7f96d382d1e706665035', '9999.9999', '335756338', 52);
INSERT INTO `retirosSinCuenta` (`id`, `password`, `monto`, `folio`, `idCuentaBancaria`) VALUES (53, '2fcab558906c1c771aca884c520f985b41f51c9c', '9999.9999', '886357197', 53);
INSERT INTO `retirosSinCuenta` (`id`, `password`, `monto`, `folio`, `idCuentaBancaria`) VALUES (54, 'd7af5c0141a9263fb034dbb74c508316a283223b', '9999.9999', '684121358', 54);
INSERT INTO `retirosSinCuenta` (`id`, `password`, `monto`, `folio`, `idCuentaBancaria`) VALUES (55, '05bf04727176f2e06675e1bc33f0599c34bc3500', '0.0000', '481047872', 55);
INSERT INTO `retirosSinCuenta` (`id`, `password`, `monto`, `folio`, `idCuentaBancaria`) VALUES (56, 'c29eed9e8021feec1a012d99677a77d98fa3b6b2', '61.1400', '672584194', 56);
INSERT INTO `retirosSinCuenta` (`id`, `password`, `monto`, `folio`, `idCuentaBancaria`) VALUES (57, '8adb46e88d99b0caf37f1a7a78bf3fdbbcca260c', '9999.9999', '804819873', 57);
INSERT INTO `retirosSinCuenta` (`id`, `password`, `monto`, `folio`, `idCuentaBancaria`) VALUES (58, 'dfc0e0b57d072a9ee37a38422b2eff81f534ffad', '9999.9999', '992829419', 58);
INSERT INTO `retirosSinCuenta` (`id`, `password`, `monto`, `folio`, `idCuentaBancaria`) VALUES (59, '545a15ad89648d1e696677bbed82dd8802ae38bb', '9.0000', '115824460', 59);
INSERT INTO `retirosSinCuenta` (`id`, `password`, `monto`, `folio`, `idCuentaBancaria`) VALUES (60, '21b760a6635aa2f66abe1c80162ef3d9be4d4b94', '9999.9999', '842579664', 60);
INSERT INTO `retirosSinCuenta` (`id`, `password`, `monto`, `folio`, `idCuentaBancaria`) VALUES (61, '509a1f0a9d786e1920d828a164f46b359ccc9443', '0.0000', '553987213', 61);
INSERT INTO `retirosSinCuenta` (`id`, `password`, `monto`, `folio`, `idCuentaBancaria`) VALUES (62, '2d84d4af109c25f0d9468fe5c8ef6c95914be4c9', '9999.9999', '359791012', 62);
INSERT INTO `retirosSinCuenta` (`id`, `password`, `monto`, `folio`, `idCuentaBancaria`) VALUES (63, 'd386e39b94aec8988e0081de40cefb94503fcfaf', '0.0000', '405201290', 63);
INSERT INTO `retirosSinCuenta` (`id`, `password`, `monto`, `folio`, `idCuentaBancaria`) VALUES (64, '816409562638391b35364411826655bf27cd38cd', '2.6350', '208616733', 64);
INSERT INTO `retirosSinCuenta` (`id`, `password`, `monto`, `folio`, `idCuentaBancaria`) VALUES (65, '3e7ee53496627bb29d98474bcf8766de33b128fd', '9999.9999', '197262404', 65);
INSERT INTO `retirosSinCuenta` (`id`, `password`, `monto`, `folio`, `idCuentaBancaria`) VALUES (66, 'c68685da666c4e069723e1035fbc93996250a886', '9999.9999', '884727841', 66);
INSERT INTO `retirosSinCuenta` (`id`, `password`, `monto`, `folio`, `idCuentaBancaria`) VALUES (67, 'ea28bb11e49d8982673b5c3934244998e042a743', '37.6000', '616670492', 67);
INSERT INTO `retirosSinCuenta` (`id`, `password`, `monto`, `folio`, `idCuentaBancaria`) VALUES (68, 'd7a61d60979c7473927e2aaf4a1777f557224e2e', '4.2597', '8294865', 68);
INSERT INTO `retirosSinCuenta` (`id`, `password`, `monto`, `folio`, `idCuentaBancaria`) VALUES (69, 'e4a4830e34bb672551fc7f0d5d0b447b670143e4', '415.9000', '122286611', 69);
INSERT INTO `retirosSinCuenta` (`id`, `password`, `monto`, `folio`, `idCuentaBancaria`) VALUES (70, '9265d407c1caec938892f44dbd1fd62f6476ab79', '9999.9999', '345224930', 70);
INSERT INTO `retirosSinCuenta` (`id`, `password`, `monto`, `folio`, `idCuentaBancaria`) VALUES (71, 'bb5221a771148c6cf039ba188c72c4a599a23ed3', '9999.9999', '131053114', 71);
INSERT INTO `retirosSinCuenta` (`id`, `password`, `monto`, `folio`, `idCuentaBancaria`) VALUES (72, '73ece065500019918217e16eb36ddf08ef5093cc', '9999.9999', '241265378', 72);
INSERT INTO `retirosSinCuenta` (`id`, `password`, `monto`, `folio`, `idCuentaBancaria`) VALUES (73, '3b7c1084907a58992715cd55f53ae9bd249ff65e', '40.3939', '283737074', 73);
INSERT INTO `retirosSinCuenta` (`id`, `password`, `monto`, `folio`, `idCuentaBancaria`) VALUES (74, 'c1b958a5fed630a3e7d78f98d35637fc113898d2', '9999.9999', '896047114', 74);
INSERT INTO `retirosSinCuenta` (`id`, `password`, `monto`, `folio`, `idCuentaBancaria`) VALUES (75, 'f35ef52f177a11197752473e7c89f5a54e32111a', '9999.9999', '702912323', 75);
INSERT INTO `retirosSinCuenta` (`id`, `password`, `monto`, `folio`, `idCuentaBancaria`) VALUES (76, '5976ff28c0a12e92c9b6dbe1b7955cdcf63ca695', '9999.9999', '501573666', 76);
INSERT INTO `retirosSinCuenta` (`id`, `password`, `monto`, `folio`, `idCuentaBancaria`) VALUES (77, 'b9c0e374779d66f5298294796ed42c63d7557242', '0.0000', '454233019', 77);
INSERT INTO `retirosSinCuenta` (`id`, `password`, `monto`, `folio`, `idCuentaBancaria`) VALUES (78, '5dbb2d1f0c117ae37eb63d7921be608b5fab755d', '9999.9999', '932249269', 78);
INSERT INTO `retirosSinCuenta` (`id`, `password`, `monto`, `folio`, `idCuentaBancaria`) VALUES (79, '0f427aacf4eea96739366e3e78fb758983eb7671', '9999.9999', '43824915', 79);
INSERT INTO `retirosSinCuenta` (`id`, `password`, `monto`, `folio`, `idCuentaBancaria`) VALUES (80, '8564ee0d318f9bbcd98864c0819424c1313c9d54', '79.3500', '159315269', 80);
INSERT INTO `retirosSinCuenta` (`id`, `password`, `monto`, `folio`, `idCuentaBancaria`) VALUES (81, 'd7a7e9418277ad4ac5c3651b52efb602b3420c8f', '0.0000', '262424506', 81);
INSERT INTO `retirosSinCuenta` (`id`, `password`, `monto`, `folio`, `idCuentaBancaria`) VALUES (82, 'e198059e772fa7757518fd0a8ec50ddd12f2f2a2', '9999.9999', '846855187', 82);
INSERT INTO `retirosSinCuenta` (`id`, `password`, `monto`, `folio`, `idCuentaBancaria`) VALUES (83, 'e909b9f6207bd225437c5458b9f3c6601e71a742', '9999.9999', '62622488', 83);
INSERT INTO `retirosSinCuenta` (`id`, `password`, `monto`, `folio`, `idCuentaBancaria`) VALUES (84, '8c73e579542e13c7aa925ad9dad79379feabb1ca', '30.5870', '808816884', 84);
INSERT INTO `retirosSinCuenta` (`id`, `password`, `monto`, `folio`, `idCuentaBancaria`) VALUES (85, '99afd7255f2c4758d1b2d79dd758e35a8ef9d597', '0.0000', '757461978', 85);
INSERT INTO `retirosSinCuenta` (`id`, `password`, `monto`, `folio`, `idCuentaBancaria`) VALUES (86, '2c11aa2aff7f43d6999efcd30a99883fa067b8be', '4.9474', '972938886', 86);
INSERT INTO `retirosSinCuenta` (`id`, `password`, `monto`, `folio`, `idCuentaBancaria`) VALUES (87, '193035fe92dc06311471e5d90db64d6a24a972b4', '9999.9999', '953357663', 87);
INSERT INTO `retirosSinCuenta` (`id`, `password`, `monto`, `folio`, `idCuentaBancaria`) VALUES (88, '89a40ff62ec18a6792d5b90870528080396f1747', '9999.9999', '59924047', 88);
INSERT INTO `retirosSinCuenta` (`id`, `password`, `monto`, `folio`, `idCuentaBancaria`) VALUES (89, 'f8fc6c7d06bda6f40311f487b5a095379f738309', '0.0000', '639652864', 89);
INSERT INTO `retirosSinCuenta` (`id`, `password`, `monto`, `folio`, `idCuentaBancaria`) VALUES (90, '3d8f34663f772d39b7a1de515673ef91a27e6ead', '53.2968', '646489951', 90);
INSERT INTO `retirosSinCuenta` (`id`, `password`, `monto`, `folio`, `idCuentaBancaria`) VALUES (91, '00de869ba4b36e7af66c4201f8d27592a35bc77b', '9551.1000', '639952354', 91);
INSERT INTO `retirosSinCuenta` (`id`, `password`, `monto`, `folio`, `idCuentaBancaria`) VALUES (92, '00f5e583133975919886578a824d316e7439c1f1', '4.2300', '933291664', 92);
INSERT INTO `retirosSinCuenta` (`id`, `password`, `monto`, `folio`, `idCuentaBancaria`) VALUES (93, '1b82015e42a3398013f22c35327434037f63966b', '0.0000', '838750267', 93);
INSERT INTO `retirosSinCuenta` (`id`, `password`, `monto`, `folio`, `idCuentaBancaria`) VALUES (94, '623cc5a9564b26fbe1984296efc1666e24242728', '16.2546', '356150127', 94);
INSERT INTO `retirosSinCuenta` (`id`, `password`, `monto`, `folio`, `idCuentaBancaria`) VALUES (95, '5ce3d46150ab960eca7fbec813bd20706fb33bee', '9999.9999', '236926090', 95);
INSERT INTO `retirosSinCuenta` (`id`, `password`, `monto`, `folio`, `idCuentaBancaria`) VALUES (96, 'e54e4814bd613c217638114ef116f9aae9b9a10b', '1.6808', '25409745', 96);
INSERT INTO `retirosSinCuenta` (`id`, `password`, `monto`, `folio`, `idCuentaBancaria`) VALUES (97, '60ecce17b18db36059d3ef2a0a096cf5b3e4f38e', '2.7298', '216237502', 97);
INSERT INTO `retirosSinCuenta` (`id`, `password`, `monto`, `folio`, `idCuentaBancaria`) VALUES (98, '095db28b235f174ed43949e9b4fa5526dfc1af69', '0.0000', '195843014', 98);
INSERT INTO `retirosSinCuenta` (`id`, `password`, `monto`, `folio`, `idCuentaBancaria`) VALUES (99, 'fb9243c53e79662194bf7a812d7105c046af53a4', '9999.9999', '546261550', 99);
INSERT INTO `retirosSinCuenta` (`id`, `password`, `monto`, `folio`, `idCuentaBancaria`) VALUES (100, 'e8e251beb7749a96e5c37e30ff85adb08551dbf1', '9999.9999', '175808285', 100);


#
# Transferencias
#

INSERT INTO `transferencias` (`id`, `monto`, `idCuentaOrigen`, `idCuentaDestino`) VALUES (1, '589.0000', 1, 1);
INSERT INTO `transferencias` (`id`, `monto`, `idCuentaOrigen`, `idCuentaDestino`) VALUES (2, '147.4400', 2, 2);
INSERT INTO `transferencias` (`id`, `monto`, `idCuentaOrigen`, `idCuentaDestino`) VALUES (3, '9999.9999', 3, 3);
INSERT INTO `transferencias` (`id`, `monto`, `idCuentaOrigen`, `idCuentaDestino`) VALUES (4, '9999.9999', 4, 4);
INSERT INTO `transferencias` (`id`, `monto`, `idCuentaOrigen`, `idCuentaDestino`) VALUES (5, '2475.5824', 5, 5);
INSERT INTO `transferencias` (`id`, `monto`, `idCuentaOrigen`, `idCuentaDestino`) VALUES (6, '9999.9999', 6, 6);
INSERT INTO `transferencias` (`id`, `monto`, `idCuentaOrigen`, `idCuentaDestino`) VALUES (7, '9999.9999', 7, 7);
INSERT INTO `transferencias` (`id`, `monto`, `idCuentaOrigen`, `idCuentaDestino`) VALUES (8, '9999.9999', 8, 8);
INSERT INTO `transferencias` (`id`, `monto`, `idCuentaOrigen`, `idCuentaDestino`) VALUES (9, '252.7800', 9, 9);
INSERT INTO `transferencias` (`id`, `monto`, `idCuentaOrigen`, `idCuentaDestino`) VALUES (10, '2.5471', 10, 10);
INSERT INTO `transferencias` (`id`, `monto`, `idCuentaOrigen`, `idCuentaDestino`) VALUES (11, '49.0600', 11, 11);
INSERT INTO `transferencias` (`id`, `monto`, `idCuentaOrigen`, `idCuentaDestino`) VALUES (12, '9999.9999', 12, 12);
INSERT INTO `transferencias` (`id`, `monto`, `idCuentaOrigen`, `idCuentaDestino`) VALUES (13, '9999.9999', 13, 13);
INSERT INTO `transferencias` (`id`, `monto`, `idCuentaOrigen`, `idCuentaDestino`) VALUES (14, '3064.6000', 14, 14);
INSERT INTO `transferencias` (`id`, `monto`, `idCuentaOrigen`, `idCuentaDestino`) VALUES (15, '24.7000', 15, 15);
INSERT INTO `transferencias` (`id`, `monto`, `idCuentaOrigen`, `idCuentaDestino`) VALUES (16, '9999.9999', 16, 16);
INSERT INTO `transferencias` (`id`, `monto`, `idCuentaOrigen`, `idCuentaDestino`) VALUES (17, '0.0000', 17, 17);
INSERT INTO `transferencias` (`id`, `monto`, `idCuentaOrigen`, `idCuentaDestino`) VALUES (18, '50.2000', 18, 18);
INSERT INTO `transferencias` (`id`, `monto`, `idCuentaOrigen`, `idCuentaDestino`) VALUES (19, '1678.0651', 19, 19);
INSERT INTO `transferencias` (`id`, `monto`, `idCuentaOrigen`, `idCuentaDestino`) VALUES (20, '2889.8889', 20, 20);
INSERT INTO `transferencias` (`id`, `monto`, `idCuentaOrigen`, `idCuentaDestino`) VALUES (21, '9999.9999', 21, 21);
INSERT INTO `transferencias` (`id`, `monto`, `idCuentaOrigen`, `idCuentaDestino`) VALUES (22, '9999.9999', 22, 22);
INSERT INTO `transferencias` (`id`, `monto`, `idCuentaOrigen`, `idCuentaDestino`) VALUES (23, '9999.9999', 23, 23);
INSERT INTO `transferencias` (`id`, `monto`, `idCuentaOrigen`, `idCuentaDestino`) VALUES (24, '18.0270', 24, 24);
INSERT INTO `transferencias` (`id`, `monto`, `idCuentaOrigen`, `idCuentaDestino`) VALUES (25, '9999.9999', 25, 25);
INSERT INTO `transferencias` (`id`, `monto`, `idCuentaOrigen`, `idCuentaDestino`) VALUES (26, '9999.9999', 26, 26);
INSERT INTO `transferencias` (`id`, `monto`, `idCuentaOrigen`, `idCuentaDestino`) VALUES (27, '9999.9999', 27, 27);
INSERT INTO `transferencias` (`id`, `monto`, `idCuentaOrigen`, `idCuentaDestino`) VALUES (28, '0.2434', 28, 28);
INSERT INTO `transferencias` (`id`, `monto`, `idCuentaOrigen`, `idCuentaDestino`) VALUES (29, '3.0000', 29, 29);
INSERT INTO `transferencias` (`id`, `monto`, `idCuentaOrigen`, `idCuentaDestino`) VALUES (30, '9999.9999', 30, 30);
INSERT INTO `transferencias` (`id`, `monto`, `idCuentaOrigen`, `idCuentaDestino`) VALUES (31, '1.5973', 31, 31);
INSERT INTO `transferencias` (`id`, `monto`, `idCuentaOrigen`, `idCuentaDestino`) VALUES (32, '37.4436', 32, 32);
INSERT INTO `transferencias` (`id`, `monto`, `idCuentaOrigen`, `idCuentaDestino`) VALUES (33, '0.0000', 33, 33);
INSERT INTO `transferencias` (`id`, `monto`, `idCuentaOrigen`, `idCuentaDestino`) VALUES (34, '1.0025', 34, 34);
INSERT INTO `transferencias` (`id`, `monto`, `idCuentaOrigen`, `idCuentaDestino`) VALUES (35, '9999.9999', 35, 35);
INSERT INTO `transferencias` (`id`, `monto`, `idCuentaOrigen`, `idCuentaDestino`) VALUES (36, '202.0399', 36, 36);
INSERT INTO `transferencias` (`id`, `monto`, `idCuentaOrigen`, `idCuentaDestino`) VALUES (37, '9999.9999', 37, 37);
INSERT INTO `transferencias` (`id`, `monto`, `idCuentaOrigen`, `idCuentaDestino`) VALUES (38, '542.1210', 38, 38);
INSERT INTO `transferencias` (`id`, `monto`, `idCuentaOrigen`, `idCuentaDestino`) VALUES (39, '9999.9999', 39, 39);
INSERT INTO `transferencias` (`id`, `monto`, `idCuentaOrigen`, `idCuentaDestino`) VALUES (40, '389.7910', 40, 40);
INSERT INTO `transferencias` (`id`, `monto`, `idCuentaOrigen`, `idCuentaDestino`) VALUES (41, '9999.9999', 41, 41);
INSERT INTO `transferencias` (`id`, `monto`, `idCuentaOrigen`, `idCuentaDestino`) VALUES (42, '9999.9999', 42, 42);
INSERT INTO `transferencias` (`id`, `monto`, `idCuentaOrigen`, `idCuentaDestino`) VALUES (43, '9999.9999', 43, 43);
INSERT INTO `transferencias` (`id`, `monto`, `idCuentaOrigen`, `idCuentaDestino`) VALUES (44, '9999.9999', 44, 44);
INSERT INTO `transferencias` (`id`, `monto`, `idCuentaOrigen`, `idCuentaDestino`) VALUES (45, '9999.9999', 45, 45);
INSERT INTO `transferencias` (`id`, `monto`, `idCuentaOrigen`, `idCuentaDestino`) VALUES (46, '9999.9999', 46, 46);
INSERT INTO `transferencias` (`id`, `monto`, `idCuentaOrigen`, `idCuentaDestino`) VALUES (47, '0.0000', 47, 47);
INSERT INTO `transferencias` (`id`, `monto`, `idCuentaOrigen`, `idCuentaDestino`) VALUES (48, '0.0000', 48, 48);
INSERT INTO `transferencias` (`id`, `monto`, `idCuentaOrigen`, `idCuentaDestino`) VALUES (49, '4522.0590', 49, 49);
INSERT INTO `transferencias` (`id`, `monto`, `idCuentaOrigen`, `idCuentaDestino`) VALUES (50, '694.0520', 50, 50);


